Copyright 1986-2022 Xilinx, Inc. All Rights Reserved. Copyright 2022-2025 Advanced Micro Devices, Inc. All Rights Reserved.
---------------------------------------------------------------------------------------------------------------------------------------------------------------------------------------------------------------------------------------------------------------
| Tool Version : Vivado v.2025.1 (win64) Build 6140274 Thu May 22 00:12:29 MDT 2025
| Date         : Sun Oct  5 18:52:44 2025
| Host         : Cristian running 64-bit major release  (build 9200)
| Command      : report_timing_summary -max_paths 10 -routable_nets -report_unconstrained -file top_uart_loopback_timing_summary_routed.rpt -pb top_uart_loopback_timing_summary_routed.pb -rpx top_uart_loopback_timing_summary_routed.rpx -warn_on_violation
| Design       : top_uart_loopback
| Device       : 7a100t-csg324
| Speed File   : -1  PRODUCTION 1.23 2018-06-13
| Design State : Routed
---------------------------------------------------------------------------------------------------------------------------------------------------------------------------------------------------------------------------------------------------------------

Timing Summary Report

------------------------------------------------------------------------------------------------
| Timer Settings
| --------------
------------------------------------------------------------------------------------------------

  Enable Multi Corner Analysis               :  Yes
  Enable Pessimism Removal                   :  Yes
  Pessimism Removal Resolution               :  Nearest Common Node
  Enable Input Delay Default Clock           :  No
  Enable Preset / Clear Arcs                 :  No
  Disable Flight Delays                      :  No
  Ignore I/O Paths                           :  No
  Timing Early Launch at Borrowing Latches   :  No
  Borrow Time for Max Delay Exceptions       :  Yes
  Merge Timing Exceptions                    :  Yes
  Inter-SLR Compensation                     :  Conservative

  Corner  Analyze    Analyze    
  Name    Max Paths  Min Paths  
  ------  ---------  ---------  
  Slow    Yes        Yes        
  Fast    Yes        Yes        


------------------------------------------------------------------------------------------------
| Report Methodology
| ------------------
------------------------------------------------------------------------------------------------

Rule       Severity  Description                    Violations  
---------  --------  -----------------------------  ----------  
TIMING-18  Warning   Missing input or output delay  3           

Note: This report is based on the most recent report_methodology run and may not be up-to-date. Run report_methodology on the current design for the latest report.



check_timing report

Table of Contents
-----------------
1. checking no_clock (0)
2. checking constant_clock (0)
3. checking pulse_width_clock (0)
4. checking unconstrained_internal_endpoints (0)
5. checking no_input_delay (2)
6. checking no_output_delay (1)
7. checking multiple_clock (0)
8. checking generated_clocks (0)
9. checking loops (0)
10. checking partial_input_delay (0)
11. checking partial_output_delay (0)
12. checking latch_loops (0)

1. checking no_clock (0)
------------------------
 There are 0 register/latch pins with no clock.


2. checking constant_clock (0)
------------------------------
 There are 0 register/latch pins with constant_clock.


3. checking pulse_width_clock (0)
---------------------------------
 There are 0 register/latch pins which need pulse_width check


4. checking unconstrained_internal_endpoints (0)
------------------------------------------------
 There are 0 pins that are not constrained for maximum delay.

 There are 0 pins that are not constrained for maximum delay due to constant clock.


5. checking no_input_delay (2)
------------------------------
 There are 2 input ports with no input delay specified. (HIGH)

 There are 0 input ports with no input delay but user has a false path constraint.


6. checking no_output_delay (1)
-------------------------------
 There is 1 port with no output delay specified. (HIGH)

 There are 0 ports with no output delay but user has a false path constraint

 There are 0 ports with no output delay but with a timing clock defined on it or propagating through it


7. checking multiple_clock (0)
------------------------------
 There are 0 register/latch pins with multiple clocks.


8. checking generated_clocks (0)
--------------------------------
 There are 0 generated clocks that are not connected to a clock source.


9. checking loops (0)
---------------------
 There are 0 combinational loops in the design.


10. checking partial_input_delay (0)
------------------------------------
 There are 0 input ports with partial input delay specified.


11. checking partial_output_delay (0)
-------------------------------------
 There are 0 ports with partial output delay specified.


12. checking latch_loops (0)
----------------------------
 There are 0 combinational latch loops in the design through latch input



------------------------------------------------------------------------------------------------
| Design Timing Summary
| ---------------------
------------------------------------------------------------------------------------------------

    WNS(ns)      TNS(ns)  TNS Failing Endpoints  TNS Total Endpoints      WHS(ns)      THS(ns)  THS Failing Endpoints  THS Total Endpoints     WPWS(ns)     TPWS(ns)  TPWS Failing Endpoints  TPWS Total Endpoints  
    -------      -------  ---------------------  -------------------      -------      -------  ---------------------  -------------------     --------     --------  ----------------------  --------------------  
      6.502        0.000                      0                  123        0.167        0.000                      0                  123        4.500        0.000                       0                    82  


All user specified timing constraints are met.


------------------------------------------------------------------------------------------------
| Clock Summary
| -------------
------------------------------------------------------------------------------------------------

Clock        Waveform(ns)       Period(ns)      Frequency(MHz)
-----        ------------       ----------      --------------
sys_clk_pin  {0.000 5.000}      10.000          100.000         


------------------------------------------------------------------------------------------------
| Intra Clock Table
| -----------------
------------------------------------------------------------------------------------------------

Clock             WNS(ns)      TNS(ns)  TNS Failing Endpoints  TNS Total Endpoints      WHS(ns)      THS(ns)  THS Failing Endpoints  THS Total Endpoints     WPWS(ns)     TPWS(ns)  TPWS Failing Endpoints  TPWS Total Endpoints  
-----             -------      -------  ---------------------  -------------------      -------      -------  ---------------------  -------------------     --------     --------  ----------------------  --------------------  
sys_clk_pin         6.502        0.000                      0                  123        0.167        0.000                      0                  123        4.500        0.000                       0                    82  


------------------------------------------------------------------------------------------------
| Inter Clock Table
| -----------------
------------------------------------------------------------------------------------------------

From Clock    To Clock          WNS(ns)      TNS(ns)  TNS Failing Endpoints  TNS Total Endpoints      WHS(ns)      THS(ns)  THS Failing Endpoints  THS Total Endpoints  
----------    --------          -------      -------  ---------------------  -------------------      -------      -------  ---------------------  -------------------  


------------------------------------------------------------------------------------------------
| Other Path Groups Table
| -----------------------
------------------------------------------------------------------------------------------------

Path Group    From Clock    To Clock          WNS(ns)      TNS(ns)  TNS Failing Endpoints  TNS Total Endpoints      WHS(ns)      THS(ns)  THS Failing Endpoints  THS Total Endpoints  
----------    ----------    --------          -------      -------  ---------------------  -------------------      -------      -------  ---------------------  -------------------  


------------------------------------------------------------------------------------------------
| User Ignored Path Table
| -----------------------
------------------------------------------------------------------------------------------------

Path Group    From Clock    To Clock    
----------    ----------    --------    


------------------------------------------------------------------------------------------------
| Unconstrained Path Table
| ------------------------
------------------------------------------------------------------------------------------------

Path Group    From Clock    To Clock    
----------    ----------    --------    
(none)        sys_clk_pin                 
(none)                      sys_clk_pin   


------------------------------------------------------------------------------------------------
| Timing Details
| --------------
------------------------------------------------------------------------------------------------


---------------------------------------------------------------------------------------------------
From Clock:  sys_clk_pin
  To Clock:  sys_clk_pin

Setup :            0  Failing Endpoints,  Worst Slack        6.502ns,  Total Violation        0.000ns
Hold  :            0  Failing Endpoints,  Worst Slack        0.167ns,  Total Violation        0.000ns
PW    :            0  Failing Endpoints,  Worst Slack        4.500ns,  Total Violation        0.000ns
---------------------------------------------------------------------------------------------------


Max Delay Paths
--------------------------------------------------------------------------------------
Slack (MET) :             6.502ns  (required time - arrival time)
  Source:                 uart_tx_inst/uart_tx_blk/FSM_sequential_state_reg[0]/C
                            (rising edge-triggered cell FDRE clocked by sys_clk_pin  {rise@0.000ns fall@5.000ns period=10.000ns})
  Destination:            uart_tx_inst/baud_tick_blk/acc_reg[0]/R
                            (rising edge-triggered cell FDRE clocked by sys_clk_pin  {rise@0.000ns fall@5.000ns period=10.000ns})
  Path Group:             sys_clk_pin
  Path Type:              Setup (Max at Slow Process Corner)
  Requirement:            10.000ns  (sys_clk_pin rise@10.000ns - sys_clk_pin rise@0.000ns)
  Data Path Delay:        2.799ns  (logic 0.671ns (23.971%)  route 2.128ns (76.029%))
  Logic Levels:           1  (LUT2=1)
  Clock Path Skew:        -0.027ns (DCD - SCD + CPR)
    Destination Clock Delay (DCD):    5.013ns = ( 15.013 - 10.000 ) 
    Source Clock Delay      (SCD):    5.315ns
    Clock Pessimism Removal (CPR):    0.275ns
  Clock Uncertainty:      0.035ns  ((TSJ^2 + TIJ^2)^1/2 + DJ) / 2 + PE
    Total System Jitter     (TSJ):    0.071ns
    Total Input Jitter      (TIJ):    0.000ns
    Discrete Jitter          (DJ):    0.000ns
    Phase Error              (PE):    0.000ns

    Location             Delay type                Incr(ns)  Path(ns)    Netlist Resource(s)
  -------------------------------------------------------------------    -------------------
                         (clock sys_clk_pin rise edge)
                                                      0.000     0.000 r  
    E3                                                0.000     0.000 r  clk (IN)
                         net (fo=0)                   0.000     0.000    clk
    E3                   IBUF (Prop_ibuf_I_O)         1.482     1.482 r  clk_IBUF_inst/O
                         net (fo=1, routed)           2.025     3.506    clk_IBUF
    BUFGCTRL_X0Y16       BUFG (Prop_bufg_I_O)         0.096     3.602 r  clk_IBUF_BUFG_inst/O
                         net (fo=81, routed)          1.713     5.315    uart_tx_inst/uart_tx_blk/CLK
    SLICE_X88Y138        FDRE                                         r  uart_tx_inst/uart_tx_blk/FSM_sequential_state_reg[0]/C
  -------------------------------------------------------------------    -------------------
    SLICE_X88Y138        FDRE (Prop_fdre_C_Q)         0.518     5.833 f  uart_tx_inst/uart_tx_blk/FSM_sequential_state_reg[0]/Q
                         net (fo=10, routed)          0.864     6.697    uart_tx_inst/uart_tx_blk/state[0]
    SLICE_X88Y137        LUT2 (Prop_lut2_I0_O)        0.153     6.850 r  uart_tx_inst/uart_tx_blk/acc[18]_i_1/O
                         net (fo=19, routed)          1.265     8.115    uart_tx_inst/baud_tick_blk/SR[0]
    SLICE_X87Y135        FDRE                                         r  uart_tx_inst/baud_tick_blk/acc_reg[0]/R
  -------------------------------------------------------------------    -------------------

                         (clock sys_clk_pin rise edge)
                                                     10.000    10.000 r  
    E3                                                0.000    10.000 r  clk (IN)
                         net (fo=0)                   0.000    10.000    clk
    E3                   IBUF (Prop_ibuf_I_O)         1.411    11.411 r  clk_IBUF_inst/O
                         net (fo=1, routed)           1.920    13.331    clk_IBUF
    BUFGCTRL_X0Y16       BUFG (Prop_bufg_I_O)         0.091    13.422 r  clk_IBUF_BUFG_inst/O
                         net (fo=81, routed)          1.591    15.013    uart_tx_inst/baud_tick_blk/CLK
    SLICE_X87Y135        FDRE                                         r  uart_tx_inst/baud_tick_blk/acc_reg[0]/C
                         clock pessimism              0.275    15.288    
                         clock uncertainty           -0.035    15.253    
    SLICE_X87Y135        FDRE (Setup_fdre_C_R)       -0.636    14.617    uart_tx_inst/baud_tick_blk/acc_reg[0]
  -------------------------------------------------------------------
                         required time                         14.617    
                         arrival time                          -8.115    
  -------------------------------------------------------------------
                         slack                                  6.502    

Slack (MET) :             6.502ns  (required time - arrival time)
  Source:                 uart_tx_inst/uart_tx_blk/FSM_sequential_state_reg[0]/C
                            (rising edge-triggered cell FDRE clocked by sys_clk_pin  {rise@0.000ns fall@5.000ns period=10.000ns})
  Destination:            uart_tx_inst/baud_tick_blk/acc_reg[1]/S
                            (rising edge-triggered cell FDSE clocked by sys_clk_pin  {rise@0.000ns fall@5.000ns period=10.000ns})
  Path Group:             sys_clk_pin
  Path Type:              Setup (Max at Slow Process Corner)
  Requirement:            10.000ns  (sys_clk_pin rise@10.000ns - sys_clk_pin rise@0.000ns)
  Data Path Delay:        2.799ns  (logic 0.671ns (23.971%)  route 2.128ns (76.029%))
  Logic Levels:           1  (LUT2=1)
  Clock Path Skew:        -0.027ns (DCD - SCD + CPR)
    Destination Clock Delay (DCD):    5.013ns = ( 15.013 - 10.000 ) 
    Source Clock Delay      (SCD):    5.315ns
    Clock Pessimism Removal (CPR):    0.275ns
  Clock Uncertainty:      0.035ns  ((TSJ^2 + TIJ^2)^1/2 + DJ) / 2 + PE
    Total System Jitter     (TSJ):    0.071ns
    Total Input Jitter      (TIJ):    0.000ns
    Discrete Jitter          (DJ):    0.000ns
    Phase Error              (PE):    0.000ns

    Location             Delay type                Incr(ns)  Path(ns)    Netlist Resource(s)
  -------------------------------------------------------------------    -------------------
                         (clock sys_clk_pin rise edge)
                                                      0.000     0.000 r  
    E3                                                0.000     0.000 r  clk (IN)
                         net (fo=0)                   0.000     0.000    clk
    E3                   IBUF (Prop_ibuf_I_O)         1.482     1.482 r  clk_IBUF_inst/O
                         net (fo=1, routed)           2.025     3.506    clk_IBUF
    BUFGCTRL_X0Y16       BUFG (Prop_bufg_I_O)         0.096     3.602 r  clk_IBUF_BUFG_inst/O
                         net (fo=81, routed)          1.713     5.315    uart_tx_inst/uart_tx_blk/CLK
    SLICE_X88Y138        FDRE                                         r  uart_tx_inst/uart_tx_blk/FSM_sequential_state_reg[0]/C
  -------------------------------------------------------------------    -------------------
    SLICE_X88Y138        FDRE (Prop_fdre_C_Q)         0.518     5.833 f  uart_tx_inst/uart_tx_blk/FSM_sequential_state_reg[0]/Q
                         net (fo=10, routed)          0.864     6.697    uart_tx_inst/uart_tx_blk/state[0]
    SLICE_X88Y137        LUT2 (Prop_lut2_I0_O)        0.153     6.850 r  uart_tx_inst/uart_tx_blk/acc[18]_i_1/O
                         net (fo=19, routed)          1.265     8.115    uart_tx_inst/baud_tick_blk/SR[0]
    SLICE_X87Y135        FDSE                                         r  uart_tx_inst/baud_tick_blk/acc_reg[1]/S
  -------------------------------------------------------------------    -------------------

                         (clock sys_clk_pin rise edge)
                                                     10.000    10.000 r  
    E3                                                0.000    10.000 r  clk (IN)
                         net (fo=0)                   0.000    10.000    clk
    E3                   IBUF (Prop_ibuf_I_O)         1.411    11.411 r  clk_IBUF_inst/O
                         net (fo=1, routed)           1.920    13.331    clk_IBUF
    BUFGCTRL_X0Y16       BUFG (Prop_bufg_I_O)         0.091    13.422 r  clk_IBUF_BUFG_inst/O
                         net (fo=81, routed)          1.591    15.013    uart_tx_inst/baud_tick_blk/CLK
    SLICE_X87Y135        FDSE                                         r  uart_tx_inst/baud_tick_blk/acc_reg[1]/C
                         clock pessimism              0.275    15.288    
                         clock uncertainty           -0.035    15.253    
    SLICE_X87Y135        FDSE (Setup_fdse_C_S)       -0.636    14.617    uart_tx_inst/baud_tick_blk/acc_reg[1]
  -------------------------------------------------------------------
                         required time                         14.617    
                         arrival time                          -8.115    
  -------------------------------------------------------------------
                         slack                                  6.502    

Slack (MET) :             6.502ns  (required time - arrival time)
  Source:                 uart_tx_inst/uart_tx_blk/FSM_sequential_state_reg[0]/C
                            (rising edge-triggered cell FDRE clocked by sys_clk_pin  {rise@0.000ns fall@5.000ns period=10.000ns})
  Destination:            uart_tx_inst/baud_tick_blk/acc_reg[2]/S
                            (rising edge-triggered cell FDSE clocked by sys_clk_pin  {rise@0.000ns fall@5.000ns period=10.000ns})
  Path Group:             sys_clk_pin
  Path Type:              Setup (Max at Slow Process Corner)
  Requirement:            10.000ns  (sys_clk_pin rise@10.000ns - sys_clk_pin rise@0.000ns)
  Data Path Delay:        2.799ns  (logic 0.671ns (23.971%)  route 2.128ns (76.029%))
  Logic Levels:           1  (LUT2=1)
  Clock Path Skew:        -0.027ns (DCD - SCD + CPR)
    Destination Clock Delay (DCD):    5.013ns = ( 15.013 - 10.000 ) 
    Source Clock Delay      (SCD):    5.315ns
    Clock Pessimism Removal (CPR):    0.275ns
  Clock Uncertainty:      0.035ns  ((TSJ^2 + TIJ^2)^1/2 + DJ) / 2 + PE
    Total System Jitter     (TSJ):    0.071ns
    Total Input Jitter      (TIJ):    0.000ns
    Discrete Jitter          (DJ):    0.000ns
    Phase Error              (PE):    0.000ns

    Location             Delay type                Incr(ns)  Path(ns)    Netlist Resource(s)
  -------------------------------------------------------------------    -------------------
                         (clock sys_clk_pin rise edge)
                                                      0.000     0.000 r  
    E3                                                0.000     0.000 r  clk (IN)
                         net (fo=0)                   0.000     0.000    clk
    E3                   IBUF (Prop_ibuf_I_O)         1.482     1.482 r  clk_IBUF_inst/O
                         net (fo=1, routed)           2.025     3.506    clk_IBUF
    BUFGCTRL_X0Y16       BUFG (Prop_bufg_I_O)         0.096     3.602 r  clk_IBUF_BUFG_inst/O
                         net (fo=81, routed)          1.713     5.315    uart_tx_inst/uart_tx_blk/CLK
    SLICE_X88Y138        FDRE                                         r  uart_tx_inst/uart_tx_blk/FSM_sequential_state_reg[0]/C
  -------------------------------------------------------------------    -------------------
    SLICE_X88Y138        FDRE (Prop_fdre_C_Q)         0.518     5.833 f  uart_tx_inst/uart_tx_blk/FSM_sequential_state_reg[0]/Q
                         net (fo=10, routed)          0.864     6.697    uart_tx_inst/uart_tx_blk/state[0]
    SLICE_X88Y137        LUT2 (Prop_lut2_I0_O)        0.153     6.850 r  uart_tx_inst/uart_tx_blk/acc[18]_i_1/O
                         net (fo=19, routed)          1.265     8.115    uart_tx_inst/baud_tick_blk/SR[0]
    SLICE_X87Y135        FDSE                                         r  uart_tx_inst/baud_tick_blk/acc_reg[2]/S
  -------------------------------------------------------------------    -------------------

                         (clock sys_clk_pin rise edge)
                                                     10.000    10.000 r  
    E3                                                0.000    10.000 r  clk (IN)
                         net (fo=0)                   0.000    10.000    clk
    E3                   IBUF (Prop_ibuf_I_O)         1.411    11.411 r  clk_IBUF_inst/O
                         net (fo=1, routed)           1.920    13.331    clk_IBUF
    BUFGCTRL_X0Y16       BUFG (Prop_bufg_I_O)         0.091    13.422 r  clk_IBUF_BUFG_inst/O
                         net (fo=81, routed)          1.591    15.013    uart_tx_inst/baud_tick_blk/CLK
    SLICE_X87Y135        FDSE                                         r  uart_tx_inst/baud_tick_blk/acc_reg[2]/C
                         clock pessimism              0.275    15.288    
                         clock uncertainty           -0.035    15.253    
    SLICE_X87Y135        FDSE (Setup_fdse_C_S)       -0.636    14.617    uart_tx_inst/baud_tick_blk/acc_reg[2]
  -------------------------------------------------------------------
                         required time                         14.617    
                         arrival time                          -8.115    
  -------------------------------------------------------------------
                         slack                                  6.502    

Slack (MET) :             6.502ns  (required time - arrival time)
  Source:                 uart_tx_inst/uart_tx_blk/FSM_sequential_state_reg[0]/C
                            (rising edge-triggered cell FDRE clocked by sys_clk_pin  {rise@0.000ns fall@5.000ns period=10.000ns})
  Destination:            uart_tx_inst/baud_tick_blk/acc_reg[3]/S
                            (rising edge-triggered cell FDSE clocked by sys_clk_pin  {rise@0.000ns fall@5.000ns period=10.000ns})
  Path Group:             sys_clk_pin
  Path Type:              Setup (Max at Slow Process Corner)
  Requirement:            10.000ns  (sys_clk_pin rise@10.000ns - sys_clk_pin rise@0.000ns)
  Data Path Delay:        2.799ns  (logic 0.671ns (23.971%)  route 2.128ns (76.029%))
  Logic Levels:           1  (LUT2=1)
  Clock Path Skew:        -0.027ns (DCD - SCD + CPR)
    Destination Clock Delay (DCD):    5.013ns = ( 15.013 - 10.000 ) 
    Source Clock Delay      (SCD):    5.315ns
    Clock Pessimism Removal (CPR):    0.275ns
  Clock Uncertainty:      0.035ns  ((TSJ^2 + TIJ^2)^1/2 + DJ) / 2 + PE
    Total System Jitter     (TSJ):    0.071ns
    Total Input Jitter      (TIJ):    0.000ns
    Discrete Jitter          (DJ):    0.000ns
    Phase Error              (PE):    0.000ns

    Location             Delay type                Incr(ns)  Path(ns)    Netlist Resource(s)
  -------------------------------------------------------------------    -------------------
                         (clock sys_clk_pin rise edge)
                                                      0.000     0.000 r  
    E3                                                0.000     0.000 r  clk (IN)
                         net (fo=0)                   0.000     0.000    clk
    E3                   IBUF (Prop_ibuf_I_O)         1.482     1.482 r  clk_IBUF_inst/O
                         net (fo=1, routed)           2.025     3.506    clk_IBUF
    BUFGCTRL_X0Y16       BUFG (Prop_bufg_I_O)         0.096     3.602 r  clk_IBUF_BUFG_inst/O
                         net (fo=81, routed)          1.713     5.315    uart_tx_inst/uart_tx_blk/CLK
    SLICE_X88Y138        FDRE                                         r  uart_tx_inst/uart_tx_blk/FSM_sequential_state_reg[0]/C
  -------------------------------------------------------------------    -------------------
    SLICE_X88Y138        FDRE (Prop_fdre_C_Q)         0.518     5.833 f  uart_tx_inst/uart_tx_blk/FSM_sequential_state_reg[0]/Q
                         net (fo=10, routed)          0.864     6.697    uart_tx_inst/uart_tx_blk/state[0]
    SLICE_X88Y137        LUT2 (Prop_lut2_I0_O)        0.153     6.850 r  uart_tx_inst/uart_tx_blk/acc[18]_i_1/O
                         net (fo=19, routed)          1.265     8.115    uart_tx_inst/baud_tick_blk/SR[0]
    SLICE_X87Y135        FDSE                                         r  uart_tx_inst/baud_tick_blk/acc_reg[3]/S
  -------------------------------------------------------------------    -------------------

                         (clock sys_clk_pin rise edge)
                                                     10.000    10.000 r  
    E3                                                0.000    10.000 r  clk (IN)
                         net (fo=0)                   0.000    10.000    clk
    E3                   IBUF (Prop_ibuf_I_O)         1.411    11.411 r  clk_IBUF_inst/O
                         net (fo=1, routed)           1.920    13.331    clk_IBUF
    BUFGCTRL_X0Y16       BUFG (Prop_bufg_I_O)         0.091    13.422 r  clk_IBUF_BUFG_inst/O
                         net (fo=81, routed)          1.591    15.013    uart_tx_inst/baud_tick_blk/CLK
    SLICE_X87Y135        FDSE                                         r  uart_tx_inst/baud_tick_blk/acc_reg[3]/C
                         clock pessimism              0.275    15.288    
                         clock uncertainty           -0.035    15.253    
    SLICE_X87Y135        FDSE (Setup_fdse_C_S)       -0.636    14.617    uart_tx_inst/baud_tick_blk/acc_reg[3]
  -------------------------------------------------------------------
                         required time                         14.617    
                         arrival time                          -8.115    
  -------------------------------------------------------------------
                         slack                                  6.502    

Slack (MET) :             6.652ns  (required time - arrival time)
  Source:                 uart_tx_inst/uart_tx_blk/FSM_sequential_state_reg[0]/C
                            (rising edge-triggered cell FDRE clocked by sys_clk_pin  {rise@0.000ns fall@5.000ns period=10.000ns})
  Destination:            uart_tx_inst/baud_tick_blk/acc_reg[12]/R
                            (rising edge-triggered cell FDRE clocked by sys_clk_pin  {rise@0.000ns fall@5.000ns period=10.000ns})
  Path Group:             sys_clk_pin
  Path Type:              Setup (Max at Slow Process Corner)
  Requirement:            10.000ns  (sys_clk_pin rise@10.000ns - sys_clk_pin rise@0.000ns)
  Data Path Delay:        2.652ns  (logic 0.671ns (25.303%)  route 1.981ns (74.698%))
  Logic Levels:           1  (LUT2=1)
  Clock Path Skew:        -0.025ns (DCD - SCD + CPR)
    Destination Clock Delay (DCD):    5.015ns = ( 15.015 - 10.000 ) 
    Source Clock Delay      (SCD):    5.315ns
    Clock Pessimism Removal (CPR):    0.275ns
  Clock Uncertainty:      0.035ns  ((TSJ^2 + TIJ^2)^1/2 + DJ) / 2 + PE
    Total System Jitter     (TSJ):    0.071ns
    Total Input Jitter      (TIJ):    0.000ns
    Discrete Jitter          (DJ):    0.000ns
    Phase Error              (PE):    0.000ns

    Location             Delay type                Incr(ns)  Path(ns)    Netlist Resource(s)
  -------------------------------------------------------------------    -------------------
                         (clock sys_clk_pin rise edge)
                                                      0.000     0.000 r  
    E3                                                0.000     0.000 r  clk (IN)
                         net (fo=0)                   0.000     0.000    clk
    E3                   IBUF (Prop_ibuf_I_O)         1.482     1.482 r  clk_IBUF_inst/O
                         net (fo=1, routed)           2.025     3.506    clk_IBUF
    BUFGCTRL_X0Y16       BUFG (Prop_bufg_I_O)         0.096     3.602 r  clk_IBUF_BUFG_inst/O
                         net (fo=81, routed)          1.713     5.315    uart_tx_inst/uart_tx_blk/CLK
    SLICE_X88Y138        FDRE                                         r  uart_tx_inst/uart_tx_blk/FSM_sequential_state_reg[0]/C
  -------------------------------------------------------------------    -------------------
    SLICE_X88Y138        FDRE (Prop_fdre_C_Q)         0.518     5.833 f  uart_tx_inst/uart_tx_blk/FSM_sequential_state_reg[0]/Q
                         net (fo=10, routed)          0.864     6.697    uart_tx_inst/uart_tx_blk/state[0]
    SLICE_X88Y137        LUT2 (Prop_lut2_I0_O)        0.153     6.850 r  uart_tx_inst/uart_tx_blk/acc[18]_i_1/O
                         net (fo=19, routed)          1.117     7.967    uart_tx_inst/baud_tick_blk/SR[0]
    SLICE_X87Y138        FDRE                                         r  uart_tx_inst/baud_tick_blk/acc_reg[12]/R
  -------------------------------------------------------------------    -------------------

                         (clock sys_clk_pin rise edge)
                                                     10.000    10.000 r  
    E3                                                0.000    10.000 r  clk (IN)
                         net (fo=0)                   0.000    10.000    clk
    E3                   IBUF (Prop_ibuf_I_O)         1.411    11.411 r  clk_IBUF_inst/O
                         net (fo=1, routed)           1.920    13.331    clk_IBUF
    BUFGCTRL_X0Y16       BUFG (Prop_bufg_I_O)         0.091    13.422 r  clk_IBUF_BUFG_inst/O
                         net (fo=81, routed)          1.593    15.015    uart_tx_inst/baud_tick_blk/CLK
    SLICE_X87Y138        FDRE                                         r  uart_tx_inst/baud_tick_blk/acc_reg[12]/C
                         clock pessimism              0.275    15.290    
                         clock uncertainty           -0.035    15.255    
    SLICE_X87Y138        FDRE (Setup_fdre_C_R)       -0.636    14.619    uart_tx_inst/baud_tick_blk/acc_reg[12]
  -------------------------------------------------------------------
                         required time                         14.619    
                         arrival time                          -7.967    
  -------------------------------------------------------------------
                         slack                                  6.652    

Slack (MET) :             6.652ns  (required time - arrival time)
  Source:                 uart_tx_inst/uart_tx_blk/FSM_sequential_state_reg[0]/C
                            (rising edge-triggered cell FDRE clocked by sys_clk_pin  {rise@0.000ns fall@5.000ns period=10.000ns})
  Destination:            uart_tx_inst/baud_tick_blk/acc_reg[13]/R
                            (rising edge-triggered cell FDRE clocked by sys_clk_pin  {rise@0.000ns fall@5.000ns period=10.000ns})
  Path Group:             sys_clk_pin
  Path Type:              Setup (Max at Slow Process Corner)
  Requirement:            10.000ns  (sys_clk_pin rise@10.000ns - sys_clk_pin rise@0.000ns)
  Data Path Delay:        2.652ns  (logic 0.671ns (25.303%)  route 1.981ns (74.698%))
  Logic Levels:           1  (LUT2=1)
  Clock Path Skew:        -0.025ns (DCD - SCD + CPR)
    Destination Clock Delay (DCD):    5.015ns = ( 15.015 - 10.000 ) 
    Source Clock Delay      (SCD):    5.315ns
    Clock Pessimism Removal (CPR):    0.275ns
  Clock Uncertainty:      0.035ns  ((TSJ^2 + TIJ^2)^1/2 + DJ) / 2 + PE
    Total System Jitter     (TSJ):    0.071ns
    Total Input Jitter      (TIJ):    0.000ns
    Discrete Jitter          (DJ):    0.000ns
    Phase Error              (PE):    0.000ns

    Location             Delay type                Incr(ns)  Path(ns)    Netlist Resource(s)
  -------------------------------------------------------------------    -------------------
                         (clock sys_clk_pin rise edge)
                                                      0.000     0.000 r  
    E3                                                0.000     0.000 r  clk (IN)
                         net (fo=0)                   0.000     0.000    clk
    E3                   IBUF (Prop_ibuf_I_O)         1.482     1.482 r  clk_IBUF_inst/O
                         net (fo=1, routed)           2.025     3.506    clk_IBUF
    BUFGCTRL_X0Y16       BUFG (Prop_bufg_I_O)         0.096     3.602 r  clk_IBUF_BUFG_inst/O
                         net (fo=81, routed)          1.713     5.315    uart_tx_inst/uart_tx_blk/CLK
    SLICE_X88Y138        FDRE                                         r  uart_tx_inst/uart_tx_blk/FSM_sequential_state_reg[0]/C
  -------------------------------------------------------------------    -------------------
    SLICE_X88Y138        FDRE (Prop_fdre_C_Q)         0.518     5.833 f  uart_tx_inst/uart_tx_blk/FSM_sequential_state_reg[0]/Q
                         net (fo=10, routed)          0.864     6.697    uart_tx_inst/uart_tx_blk/state[0]
    SLICE_X88Y137        LUT2 (Prop_lut2_I0_O)        0.153     6.850 r  uart_tx_inst/uart_tx_blk/acc[18]_i_1/O
                         net (fo=19, routed)          1.117     7.967    uart_tx_inst/baud_tick_blk/SR[0]
    SLICE_X87Y138        FDRE                                         r  uart_tx_inst/baud_tick_blk/acc_reg[13]/R
  -------------------------------------------------------------------    -------------------

                         (clock sys_clk_pin rise edge)
                                                     10.000    10.000 r  
    E3                                                0.000    10.000 r  clk (IN)
                         net (fo=0)                   0.000    10.000    clk
    E3                   IBUF (Prop_ibuf_I_O)         1.411    11.411 r  clk_IBUF_inst/O
                         net (fo=1, routed)           1.920    13.331    clk_IBUF
    BUFGCTRL_X0Y16       BUFG (Prop_bufg_I_O)         0.091    13.422 r  clk_IBUF_BUFG_inst/O
                         net (fo=81, routed)          1.593    15.015    uart_tx_inst/baud_tick_blk/CLK
    SLICE_X87Y138        FDRE                                         r  uart_tx_inst/baud_tick_blk/acc_reg[13]/C
                         clock pessimism              0.275    15.290    
                         clock uncertainty           -0.035    15.255    
    SLICE_X87Y138        FDRE (Setup_fdre_C_R)       -0.636    14.619    uart_tx_inst/baud_tick_blk/acc_reg[13]
  -------------------------------------------------------------------
                         required time                         14.619    
                         arrival time                          -7.967    
  -------------------------------------------------------------------
                         slack                                  6.652    

Slack (MET) :             6.652ns  (required time - arrival time)
  Source:                 uart_tx_inst/uart_tx_blk/FSM_sequential_state_reg[0]/C
                            (rising edge-triggered cell FDRE clocked by sys_clk_pin  {rise@0.000ns fall@5.000ns period=10.000ns})
  Destination:            uart_tx_inst/baud_tick_blk/acc_reg[14]/R
                            (rising edge-triggered cell FDRE clocked by sys_clk_pin  {rise@0.000ns fall@5.000ns period=10.000ns})
  Path Group:             sys_clk_pin
  Path Type:              Setup (Max at Slow Process Corner)
  Requirement:            10.000ns  (sys_clk_pin rise@10.000ns - sys_clk_pin rise@0.000ns)
  Data Path Delay:        2.652ns  (logic 0.671ns (25.303%)  route 1.981ns (74.698%))
  Logic Levels:           1  (LUT2=1)
  Clock Path Skew:        -0.025ns (DCD - SCD + CPR)
    Destination Clock Delay (DCD):    5.015ns = ( 15.015 - 10.000 ) 
    Source Clock Delay      (SCD):    5.315ns
    Clock Pessimism Removal (CPR):    0.275ns
  Clock Uncertainty:      0.035ns  ((TSJ^2 + TIJ^2)^1/2 + DJ) / 2 + PE
    Total System Jitter     (TSJ):    0.071ns
    Total Input Jitter      (TIJ):    0.000ns
    Discrete Jitter          (DJ):    0.000ns
    Phase Error              (PE):    0.000ns

    Location             Delay type                Incr(ns)  Path(ns)    Netlist Resource(s)
  -------------------------------------------------------------------    -------------------
                         (clock sys_clk_pin rise edge)
                                                      0.000     0.000 r  
    E3                                                0.000     0.000 r  clk (IN)
                         net (fo=0)                   0.000     0.000    clk
    E3                   IBUF (Prop_ibuf_I_O)         1.482     1.482 r  clk_IBUF_inst/O
                         net (fo=1, routed)           2.025     3.506    clk_IBUF
    BUFGCTRL_X0Y16       BUFG (Prop_bufg_I_O)         0.096     3.602 r  clk_IBUF_BUFG_inst/O
                         net (fo=81, routed)          1.713     5.315    uart_tx_inst/uart_tx_blk/CLK
    SLICE_X88Y138        FDRE                                         r  uart_tx_inst/uart_tx_blk/FSM_sequential_state_reg[0]/C
  -------------------------------------------------------------------    -------------------
    SLICE_X88Y138        FDRE (Prop_fdre_C_Q)         0.518     5.833 f  uart_tx_inst/uart_tx_blk/FSM_sequential_state_reg[0]/Q
                         net (fo=10, routed)          0.864     6.697    uart_tx_inst/uart_tx_blk/state[0]
    SLICE_X88Y137        LUT2 (Prop_lut2_I0_O)        0.153     6.850 r  uart_tx_inst/uart_tx_blk/acc[18]_i_1/O
                         net (fo=19, routed)          1.117     7.967    uart_tx_inst/baud_tick_blk/SR[0]
    SLICE_X87Y138        FDRE                                         r  uart_tx_inst/baud_tick_blk/acc_reg[14]/R
  -------------------------------------------------------------------    -------------------

                         (clock sys_clk_pin rise edge)
                                                     10.000    10.000 r  
    E3                                                0.000    10.000 r  clk (IN)
                         net (fo=0)                   0.000    10.000    clk
    E3                   IBUF (Prop_ibuf_I_O)         1.411    11.411 r  clk_IBUF_inst/O
                         net (fo=1, routed)           1.920    13.331    clk_IBUF
    BUFGCTRL_X0Y16       BUFG (Prop_bufg_I_O)         0.091    13.422 r  clk_IBUF_BUFG_inst/O
                         net (fo=81, routed)          1.593    15.015    uart_tx_inst/baud_tick_blk/CLK
    SLICE_X87Y138        FDRE                                         r  uart_tx_inst/baud_tick_blk/acc_reg[14]/C
                         clock pessimism              0.275    15.290    
                         clock uncertainty           -0.035    15.255    
    SLICE_X87Y138        FDRE (Setup_fdre_C_R)       -0.636    14.619    uart_tx_inst/baud_tick_blk/acc_reg[14]
  -------------------------------------------------------------------
                         required time                         14.619    
                         arrival time                          -7.967    
  -------------------------------------------------------------------
                         slack                                  6.652    

Slack (MET) :             6.652ns  (required time - arrival time)
  Source:                 uart_tx_inst/uart_tx_blk/FSM_sequential_state_reg[0]/C
                            (rising edge-triggered cell FDRE clocked by sys_clk_pin  {rise@0.000ns fall@5.000ns period=10.000ns})
  Destination:            uart_tx_inst/baud_tick_blk/acc_reg[15]/R
                            (rising edge-triggered cell FDRE clocked by sys_clk_pin  {rise@0.000ns fall@5.000ns period=10.000ns})
  Path Group:             sys_clk_pin
  Path Type:              Setup (Max at Slow Process Corner)
  Requirement:            10.000ns  (sys_clk_pin rise@10.000ns - sys_clk_pin rise@0.000ns)
  Data Path Delay:        2.652ns  (logic 0.671ns (25.303%)  route 1.981ns (74.698%))
  Logic Levels:           1  (LUT2=1)
  Clock Path Skew:        -0.025ns (DCD - SCD + CPR)
    Destination Clock Delay (DCD):    5.015ns = ( 15.015 - 10.000 ) 
    Source Clock Delay      (SCD):    5.315ns
    Clock Pessimism Removal (CPR):    0.275ns
  Clock Uncertainty:      0.035ns  ((TSJ^2 + TIJ^2)^1/2 + DJ) / 2 + PE
    Total System Jitter     (TSJ):    0.071ns
    Total Input Jitter      (TIJ):    0.000ns
    Discrete Jitter          (DJ):    0.000ns
    Phase Error              (PE):    0.000ns

    Location             Delay type                Incr(ns)  Path(ns)    Netlist Resource(s)
  -------------------------------------------------------------------    -------------------
                         (clock sys_clk_pin rise edge)
                                                      0.000     0.000 r  
    E3                                                0.000     0.000 r  clk (IN)
                         net (fo=0)                   0.000     0.000    clk
    E3                   IBUF (Prop_ibuf_I_O)         1.482     1.482 r  clk_IBUF_inst/O
                         net (fo=1, routed)           2.025     3.506    clk_IBUF
    BUFGCTRL_X0Y16       BUFG (Prop_bufg_I_O)         0.096     3.602 r  clk_IBUF_BUFG_inst/O
                         net (fo=81, routed)          1.713     5.315    uart_tx_inst/uart_tx_blk/CLK
    SLICE_X88Y138        FDRE                                         r  uart_tx_inst/uart_tx_blk/FSM_sequential_state_reg[0]/C
  -------------------------------------------------------------------    -------------------
    SLICE_X88Y138        FDRE (Prop_fdre_C_Q)         0.518     5.833 f  uart_tx_inst/uart_tx_blk/FSM_sequential_state_reg[0]/Q
                         net (fo=10, routed)          0.864     6.697    uart_tx_inst/uart_tx_blk/state[0]
    SLICE_X88Y137        LUT2 (Prop_lut2_I0_O)        0.153     6.850 r  uart_tx_inst/uart_tx_blk/acc[18]_i_1/O
                         net (fo=19, routed)          1.117     7.967    uart_tx_inst/baud_tick_blk/SR[0]
    SLICE_X87Y138        FDRE                                         r  uart_tx_inst/baud_tick_blk/acc_reg[15]/R
  -------------------------------------------------------------------    -------------------

                         (clock sys_clk_pin rise edge)
                                                     10.000    10.000 r  
    E3                                                0.000    10.000 r  clk (IN)
                         net (fo=0)                   0.000    10.000    clk
    E3                   IBUF (Prop_ibuf_I_O)         1.411    11.411 r  clk_IBUF_inst/O
                         net (fo=1, routed)           1.920    13.331    clk_IBUF
    BUFGCTRL_X0Y16       BUFG (Prop_bufg_I_O)         0.091    13.422 r  clk_IBUF_BUFG_inst/O
                         net (fo=81, routed)          1.593    15.015    uart_tx_inst/baud_tick_blk/CLK
    SLICE_X87Y138        FDRE                                         r  uart_tx_inst/baud_tick_blk/acc_reg[15]/C
                         clock pessimism              0.275    15.290    
                         clock uncertainty           -0.035    15.255    
    SLICE_X87Y138        FDRE (Setup_fdre_C_R)       -0.636    14.619    uart_tx_inst/baud_tick_blk/acc_reg[15]
  -------------------------------------------------------------------
                         required time                         14.619    
                         arrival time                          -7.967    
  -------------------------------------------------------------------
                         slack                                  6.652    

Slack (MET) :             6.782ns  (required time - arrival time)
  Source:                 uart_tx_inst/uart_tx_blk/FSM_sequential_state_reg[0]/C
                            (rising edge-triggered cell FDRE clocked by sys_clk_pin  {rise@0.000ns fall@5.000ns period=10.000ns})
  Destination:            uart_tx_inst/baud_tick_blk/acc_reg[4]/R
                            (rising edge-triggered cell FDRE clocked by sys_clk_pin  {rise@0.000ns fall@5.000ns period=10.000ns})
  Path Group:             sys_clk_pin
  Path Type:              Setup (Max at Slow Process Corner)
  Requirement:            10.000ns  (sys_clk_pin rise@10.000ns - sys_clk_pin rise@0.000ns)
  Data Path Delay:        2.520ns  (logic 0.671ns (26.629%)  route 1.849ns (73.371%))
  Logic Levels:           1  (LUT2=1)
  Clock Path Skew:        -0.027ns (DCD - SCD + CPR)
    Destination Clock Delay (DCD):    5.013ns = ( 15.013 - 10.000 ) 
    Source Clock Delay      (SCD):    5.315ns
    Clock Pessimism Removal (CPR):    0.275ns
  Clock Uncertainty:      0.035ns  ((TSJ^2 + TIJ^2)^1/2 + DJ) / 2 + PE
    Total System Jitter     (TSJ):    0.071ns
    Total Input Jitter      (TIJ):    0.000ns
    Discrete Jitter          (DJ):    0.000ns
    Phase Error              (PE):    0.000ns

    Location             Delay type                Incr(ns)  Path(ns)    Netlist Resource(s)
  -------------------------------------------------------------------    -------------------
                         (clock sys_clk_pin rise edge)
                                                      0.000     0.000 r  
    E3                                                0.000     0.000 r  clk (IN)
                         net (fo=0)                   0.000     0.000    clk
    E3                   IBUF (Prop_ibuf_I_O)         1.482     1.482 r  clk_IBUF_inst/O
                         net (fo=1, routed)           2.025     3.506    clk_IBUF
    BUFGCTRL_X0Y16       BUFG (Prop_bufg_I_O)         0.096     3.602 r  clk_IBUF_BUFG_inst/O
                         net (fo=81, routed)          1.713     5.315    uart_tx_inst/uart_tx_blk/CLK
    SLICE_X88Y138        FDRE                                         r  uart_tx_inst/uart_tx_blk/FSM_sequential_state_reg[0]/C
  -------------------------------------------------------------------    -------------------
    SLICE_X88Y138        FDRE (Prop_fdre_C_Q)         0.518     5.833 f  uart_tx_inst/uart_tx_blk/FSM_sequential_state_reg[0]/Q
                         net (fo=10, routed)          0.864     6.697    uart_tx_inst/uart_tx_blk/state[0]
    SLICE_X88Y137        LUT2 (Prop_lut2_I0_O)        0.153     6.850 r  uart_tx_inst/uart_tx_blk/acc[18]_i_1/O
                         net (fo=19, routed)          0.985     7.835    uart_tx_inst/baud_tick_blk/SR[0]
    SLICE_X87Y136        FDRE                                         r  uart_tx_inst/baud_tick_blk/acc_reg[4]/R
  -------------------------------------------------------------------    -------------------

                         (clock sys_clk_pin rise edge)
                                                     10.000    10.000 r  
    E3                                                0.000    10.000 r  clk (IN)
                         net (fo=0)                   0.000    10.000    clk
    E3                   IBUF (Prop_ibuf_I_O)         1.411    11.411 r  clk_IBUF_inst/O
                         net (fo=1, routed)           1.920    13.331    clk_IBUF
    BUFGCTRL_X0Y16       BUFG (Prop_bufg_I_O)         0.091    13.422 r  clk_IBUF_BUFG_inst/O
                         net (fo=81, routed)          1.591    15.013    uart_tx_inst/baud_tick_blk/CLK
    SLICE_X87Y136        FDRE                                         r  uart_tx_inst/baud_tick_blk/acc_reg[4]/C
                         clock pessimism              0.275    15.288    
                         clock uncertainty           -0.035    15.253    
    SLICE_X87Y136        FDRE (Setup_fdre_C_R)       -0.636    14.617    uart_tx_inst/baud_tick_blk/acc_reg[4]
  -------------------------------------------------------------------
                         required time                         14.617    
                         arrival time                          -7.835    
  -------------------------------------------------------------------
                         slack                                  6.782    

Slack (MET) :             6.782ns  (required time - arrival time)
  Source:                 uart_tx_inst/uart_tx_blk/FSM_sequential_state_reg[0]/C
                            (rising edge-triggered cell FDRE clocked by sys_clk_pin  {rise@0.000ns fall@5.000ns period=10.000ns})
  Destination:            uart_tx_inst/baud_tick_blk/acc_reg[5]/S
                            (rising edge-triggered cell FDSE clocked by sys_clk_pin  {rise@0.000ns fall@5.000ns period=10.000ns})
  Path Group:             sys_clk_pin
  Path Type:              Setup (Max at Slow Process Corner)
  Requirement:            10.000ns  (sys_clk_pin rise@10.000ns - sys_clk_pin rise@0.000ns)
  Data Path Delay:        2.520ns  (logic 0.671ns (26.629%)  route 1.849ns (73.371%))
  Logic Levels:           1  (LUT2=1)
  Clock Path Skew:        -0.027ns (DCD - SCD + CPR)
    Destination Clock Delay (DCD):    5.013ns = ( 15.013 - 10.000 ) 
    Source Clock Delay      (SCD):    5.315ns
    Clock Pessimism Removal (CPR):    0.275ns
  Clock Uncertainty:      0.035ns  ((TSJ^2 + TIJ^2)^1/2 + DJ) / 2 + PE
    Total System Jitter     (TSJ):    0.071ns
    Total Input Jitter      (TIJ):    0.000ns
    Discrete Jitter          (DJ):    0.000ns
    Phase Error              (PE):    0.000ns

    Location             Delay type                Incr(ns)  Path(ns)    Netlist Resource(s)
  -------------------------------------------------------------------    -------------------
                         (clock sys_clk_pin rise edge)
                                                      0.000     0.000 r  
    E3                                                0.000     0.000 r  clk (IN)
                         net (fo=0)                   0.000     0.000    clk
    E3                   IBUF (Prop_ibuf_I_O)         1.482     1.482 r  clk_IBUF_inst/O
                         net (fo=1, routed)           2.025     3.506    clk_IBUF
    BUFGCTRL_X0Y16       BUFG (Prop_bufg_I_O)         0.096     3.602 r  clk_IBUF_BUFG_inst/O
                         net (fo=81, routed)          1.713     5.315    uart_tx_inst/uart_tx_blk/CLK
    SLICE_X88Y138        FDRE                                         r  uart_tx_inst/uart_tx_blk/FSM_sequential_state_reg[0]/C
  -------------------------------------------------------------------    -------------------
    SLICE_X88Y138        FDRE (Prop_fdre_C_Q)         0.518     5.833 f  uart_tx_inst/uart_tx_blk/FSM_sequential_state_reg[0]/Q
                         net (fo=10, routed)          0.864     6.697    uart_tx_inst/uart_tx_blk/state[0]
    SLICE_X88Y137        LUT2 (Prop_lut2_I0_O)        0.153     6.850 r  uart_tx_inst/uart_tx_blk/acc[18]_i_1/O
                         net (fo=19, routed)          0.985     7.835    uart_tx_inst/baud_tick_blk/SR[0]
    SLICE_X87Y136        FDSE                                         r  uart_tx_inst/baud_tick_blk/acc_reg[5]/S
  -------------------------------------------------------------------    -------------------

                         (clock sys_clk_pin rise edge)
                                                     10.000    10.000 r  
    E3                                                0.000    10.000 r  clk (IN)
                         net (fo=0)                   0.000    10.000    clk
    E3                   IBUF (Prop_ibuf_I_O)         1.411    11.411 r  clk_IBUF_inst/O
                         net (fo=1, routed)           1.920    13.331    clk_IBUF
    BUFGCTRL_X0Y16       BUFG (Prop_bufg_I_O)         0.091    13.422 r  clk_IBUF_BUFG_inst/O
                         net (fo=81, routed)          1.591    15.013    uart_tx_inst/baud_tick_blk/CLK
    SLICE_X87Y136        FDSE                                         r  uart_tx_inst/baud_tick_blk/acc_reg[5]/C
                         clock pessimism              0.275    15.288    
                         clock uncertainty           -0.035    15.253    
    SLICE_X87Y136        FDSE (Setup_fdse_C_S)       -0.636    14.617    uart_tx_inst/baud_tick_blk/acc_reg[5]
  -------------------------------------------------------------------
                         required time                         14.617    
                         arrival time                          -7.835    
  -------------------------------------------------------------------
                         slack                                  6.782    





Min Delay Paths
--------------------------------------------------------------------------------------
Slack (MET) :             0.167ns  (arrival time - required time)
  Source:                 uart_rx_inst/uart_rx_blk/FSM_sequential_state_reg[1]/C
                            (rising edge-triggered cell FDRE clocked by sys_clk_pin  {rise@0.000ns fall@5.000ns period=10.000ns})
  Destination:            uart_rx_inst/uart_rx_blk/bit_counter_reg[2]/D
                            (rising edge-triggered cell FDRE clocked by sys_clk_pin  {rise@0.000ns fall@5.000ns period=10.000ns})
  Path Group:             sys_clk_pin
  Path Type:              Hold (Min at Fast Process Corner)
  Requirement:            0.000ns  (sys_clk_pin rise@0.000ns - sys_clk_pin rise@0.000ns)
  Data Path Delay:        0.311ns  (logic 0.189ns (60.679%)  route 0.122ns (39.321%))
  Logic Levels:           1  (LUT5=1)
  Clock Path Skew:        0.013ns (DCD - SCD - CPR)
    Destination Clock Delay (DCD):    2.036ns
    Source Clock Delay      (SCD):    1.518ns
    Clock Pessimism Removal (CPR):    0.504ns

    Location             Delay type                Incr(ns)  Path(ns)    Netlist Resource(s)
  -------------------------------------------------------------------    -------------------
                         (clock sys_clk_pin rise edge)
                                                      0.000     0.000 r  
    E3                                                0.000     0.000 r  clk (IN)
                         net (fo=0)                   0.000     0.000    clk
    E3                   IBUF (Prop_ibuf_I_O)         0.250     0.250 r  clk_IBUF_inst/O
                         net (fo=1, routed)           0.644     0.894    clk_IBUF
    BUFGCTRL_X0Y16       BUFG (Prop_bufg_I_O)         0.026     0.920 r  clk_IBUF_BUFG_inst/O
                         net (fo=81, routed)          0.599     1.518    uart_rx_inst/uart_rx_blk/CLK
    SLICE_X85Y140        FDRE                                         r  uart_rx_inst/uart_rx_blk/FSM_sequential_state_reg[1]/C
  -------------------------------------------------------------------    -------------------
    SLICE_X85Y140        FDRE (Prop_fdre_C_Q)         0.141     1.659 r  uart_rx_inst/uart_rx_blk/FSM_sequential_state_reg[1]/Q
                         net (fo=13, routed)          0.122     1.782    uart_rx_inst/uart_rx_blk/state__0[1]
    SLICE_X84Y140        LUT5 (Prop_lut5_I2_O)        0.048     1.830 r  uart_rx_inst/uart_rx_blk/bit_counter[2]_i_1/O
                         net (fo=1, routed)           0.000     1.830    uart_rx_inst/uart_rx_blk/bit_counter[2]_i_1_n_0
    SLICE_X84Y140        FDRE                                         r  uart_rx_inst/uart_rx_blk/bit_counter_reg[2]/D
  -------------------------------------------------------------------    -------------------

                         (clock sys_clk_pin rise edge)
                                                      0.000     0.000 r  
    E3                                                0.000     0.000 r  clk (IN)
                         net (fo=0)                   0.000     0.000    clk
    E3                   IBUF (Prop_ibuf_I_O)         0.438     0.438 r  clk_IBUF_inst/O
                         net (fo=1, routed)           0.699     1.136    clk_IBUF
    BUFGCTRL_X0Y16       BUFG (Prop_bufg_I_O)         0.029     1.165 r  clk_IBUF_BUFG_inst/O
                         net (fo=81, routed)          0.871     2.036    uart_rx_inst/uart_rx_blk/CLK
    SLICE_X84Y140        FDRE                                         r  uart_rx_inst/uart_rx_blk/bit_counter_reg[2]/C
                         clock pessimism             -0.504     1.531    
    SLICE_X84Y140        FDRE (Hold_fdre_C_D)         0.131     1.662    uart_rx_inst/uart_rx_blk/bit_counter_reg[2]
  -------------------------------------------------------------------
                         required time                         -1.662    
                         arrival time                           1.830    
  -------------------------------------------------------------------
                         slack                                  0.167    

Slack (MET) :             0.170ns  (arrival time - required time)
  Source:                 tx_data_reg[2]/C
                            (rising edge-triggered cell FDRE clocked by sys_clk_pin  {rise@0.000ns fall@5.000ns period=10.000ns})
  Destination:            uart_tx_inst/uart_tx_blk/tx_data_reg_reg[2]/D
                            (rising edge-triggered cell FDRE clocked by sys_clk_pin  {rise@0.000ns fall@5.000ns period=10.000ns})
  Path Group:             sys_clk_pin
  Path Type:              Hold (Min at Fast Process Corner)
  Requirement:            0.000ns  (sys_clk_pin rise@0.000ns - sys_clk_pin rise@0.000ns)
  Data Path Delay:        0.254ns  (logic 0.141ns (55.543%)  route 0.113ns (44.457%))
  Logic Levels:           0  
  Clock Path Skew:        0.014ns (DCD - SCD - CPR)
    Destination Clock Delay (DCD):    2.033ns
    Source Clock Delay      (SCD):    1.517ns
    Clock Pessimism Removal (CPR):    0.501ns

    Location             Delay type                Incr(ns)  Path(ns)    Netlist Resource(s)
  -------------------------------------------------------------------    -------------------
                         (clock sys_clk_pin rise edge)
                                                      0.000     0.000 r  
    E3                                                0.000     0.000 r  clk (IN)
                         net (fo=0)                   0.000     0.000    clk
    E3                   IBUF (Prop_ibuf_I_O)         0.250     0.250 r  clk_IBUF_inst/O
                         net (fo=1, routed)           0.644     0.894    clk_IBUF
    BUFGCTRL_X0Y16       BUFG (Prop_bufg_I_O)         0.026     0.920 r  clk_IBUF_BUFG_inst/O
                         net (fo=81, routed)          0.598     1.517    clk_IBUF_BUFG
    SLICE_X86Y137        FDRE                                         r  tx_data_reg[2]/C
  -------------------------------------------------------------------    -------------------
    SLICE_X86Y137        FDRE (Prop_fdre_C_Q)         0.141     1.658 r  tx_data_reg[2]/Q
                         net (fo=1, routed)           0.113     1.771    uart_tx_inst/uart_tx_blk/Q[2]
    SLICE_X86Y136        FDRE                                         r  uart_tx_inst/uart_tx_blk/tx_data_reg_reg[2]/D
  -------------------------------------------------------------------    -------------------

                         (clock sys_clk_pin rise edge)
                                                      0.000     0.000 r  
    E3                                                0.000     0.000 r  clk (IN)
                         net (fo=0)                   0.000     0.000    clk
    E3                   IBUF (Prop_ibuf_I_O)         0.438     0.438 r  clk_IBUF_inst/O
                         net (fo=1, routed)           0.699     1.136    clk_IBUF
    BUFGCTRL_X0Y16       BUFG (Prop_bufg_I_O)         0.029     1.165 r  clk_IBUF_BUFG_inst/O
                         net (fo=81, routed)          0.867     2.033    uart_tx_inst/uart_tx_blk/CLK
    SLICE_X86Y136        FDRE                                         r  uart_tx_inst/uart_tx_blk/tx_data_reg_reg[2]/C
                         clock pessimism             -0.501     1.531    
    SLICE_X86Y136        FDRE (Hold_fdre_C_D)         0.070     1.601    uart_tx_inst/uart_tx_blk/tx_data_reg_reg[2]
  -------------------------------------------------------------------
                         required time                         -1.601    
                         arrival time                           1.771    
  -------------------------------------------------------------------
                         slack                                  0.170    

Slack (MET) :             0.171ns  (arrival time - required time)
  Source:                 tx_data_reg[3]/C
                            (rising edge-triggered cell FDRE clocked by sys_clk_pin  {rise@0.000ns fall@5.000ns period=10.000ns})
  Destination:            uart_tx_inst/uart_tx_blk/tx_data_reg_reg[3]/D
                            (rising edge-triggered cell FDRE clocked by sys_clk_pin  {rise@0.000ns fall@5.000ns period=10.000ns})
  Path Group:             sys_clk_pin
  Path Type:              Hold (Min at Fast Process Corner)
  Requirement:            0.000ns  (sys_clk_pin rise@0.000ns - sys_clk_pin rise@0.000ns)
  Data Path Delay:        0.257ns  (logic 0.141ns (54.912%)  route 0.116ns (45.088%))
  Logic Levels:           0  
  Clock Path Skew:        0.014ns (DCD - SCD - CPR)
    Destination Clock Delay (DCD):    2.033ns
    Source Clock Delay      (SCD):    1.517ns
    Clock Pessimism Removal (CPR):    0.501ns

    Location             Delay type                Incr(ns)  Path(ns)    Netlist Resource(s)
  -------------------------------------------------------------------    -------------------
                         (clock sys_clk_pin rise edge)
                                                      0.000     0.000 r  
    E3                                                0.000     0.000 r  clk (IN)
                         net (fo=0)                   0.000     0.000    clk
    E3                   IBUF (Prop_ibuf_I_O)         0.250     0.250 r  clk_IBUF_inst/O
                         net (fo=1, routed)           0.644     0.894    clk_IBUF
    BUFGCTRL_X0Y16       BUFG (Prop_bufg_I_O)         0.026     0.920 r  clk_IBUF_BUFG_inst/O
                         net (fo=81, routed)          0.598     1.517    clk_IBUF_BUFG
    SLICE_X86Y137        FDRE                                         r  tx_data_reg[3]/C
  -------------------------------------------------------------------    -------------------
    SLICE_X86Y137        FDRE (Prop_fdre_C_Q)         0.141     1.658 r  tx_data_reg[3]/Q
                         net (fo=1, routed)           0.116     1.774    uart_tx_inst/uart_tx_blk/Q[3]
    SLICE_X86Y136        FDRE                                         r  uart_tx_inst/uart_tx_blk/tx_data_reg_reg[3]/D
  -------------------------------------------------------------------    -------------------

                         (clock sys_clk_pin rise edge)
                                                      0.000     0.000 r  
    E3                                                0.000     0.000 r  clk (IN)
                         net (fo=0)                   0.000     0.000    clk
    E3                   IBUF (Prop_ibuf_I_O)         0.438     0.438 r  clk_IBUF_inst/O
                         net (fo=1, routed)           0.699     1.136    clk_IBUF
    BUFGCTRL_X0Y16       BUFG (Prop_bufg_I_O)         0.029     1.165 r  clk_IBUF_BUFG_inst/O
                         net (fo=81, routed)          0.867     2.033    uart_tx_inst/uart_tx_blk/CLK
    SLICE_X86Y136        FDRE                                         r  uart_tx_inst/uart_tx_blk/tx_data_reg_reg[3]/C
                         clock pessimism             -0.501     1.531    
    SLICE_X86Y136        FDRE (Hold_fdre_C_D)         0.072     1.603    uart_tx_inst/uart_tx_blk/tx_data_reg_reg[3]
  -------------------------------------------------------------------
                         required time                         -1.603    
                         arrival time                           1.774    
  -------------------------------------------------------------------
                         slack                                  0.171    

Slack (MET) :             0.175ns  (arrival time - required time)
  Source:                 uart_rx_inst/uart_rx_blk/FSM_sequential_state_reg[1]/C
                            (rising edge-triggered cell FDRE clocked by sys_clk_pin  {rise@0.000ns fall@5.000ns period=10.000ns})
  Destination:            uart_rx_inst/uart_rx_blk/bit_counter_reg[1]/D
                            (rising edge-triggered cell FDRE clocked by sys_clk_pin  {rise@0.000ns fall@5.000ns period=10.000ns})
  Path Group:             sys_clk_pin
  Path Type:              Hold (Min at Fast Process Corner)
  Requirement:            0.000ns  (sys_clk_pin rise@0.000ns - sys_clk_pin rise@0.000ns)
  Data Path Delay:        0.308ns  (logic 0.186ns (60.296%)  route 0.122ns (39.704%))
  Logic Levels:           1  (LUT4=1)
  Clock Path Skew:        0.013ns (DCD - SCD - CPR)
    Destination Clock Delay (DCD):    2.036ns
    Source Clock Delay      (SCD):    1.518ns
    Clock Pessimism Removal (CPR):    0.504ns

    Location             Delay type                Incr(ns)  Path(ns)    Netlist Resource(s)
  -------------------------------------------------------------------    -------------------
                         (clock sys_clk_pin rise edge)
                                                      0.000     0.000 r  
    E3                                                0.000     0.000 r  clk (IN)
                         net (fo=0)                   0.000     0.000    clk
    E3                   IBUF (Prop_ibuf_I_O)         0.250     0.250 r  clk_IBUF_inst/O
                         net (fo=1, routed)           0.644     0.894    clk_IBUF
    BUFGCTRL_X0Y16       BUFG (Prop_bufg_I_O)         0.026     0.920 r  clk_IBUF_BUFG_inst/O
                         net (fo=81, routed)          0.599     1.518    uart_rx_inst/uart_rx_blk/CLK
    SLICE_X85Y140        FDRE                                         r  uart_rx_inst/uart_rx_blk/FSM_sequential_state_reg[1]/C
  -------------------------------------------------------------------    -------------------
    SLICE_X85Y140        FDRE (Prop_fdre_C_Q)         0.141     1.659 r  uart_rx_inst/uart_rx_blk/FSM_sequential_state_reg[1]/Q
                         net (fo=13, routed)          0.122     1.782    uart_rx_inst/uart_rx_blk/state__0[1]
    SLICE_X84Y140        LUT4 (Prop_lut4_I1_O)        0.045     1.827 r  uart_rx_inst/uart_rx_blk/bit_counter[1]_i_1/O
                         net (fo=1, routed)           0.000     1.827    uart_rx_inst/uart_rx_blk/bit_counter[1]_i_1_n_0
    SLICE_X84Y140        FDRE                                         r  uart_rx_inst/uart_rx_blk/bit_counter_reg[1]/D
  -------------------------------------------------------------------    -------------------

                         (clock sys_clk_pin rise edge)
                                                      0.000     0.000 r  
    E3                                                0.000     0.000 r  clk (IN)
                         net (fo=0)                   0.000     0.000    clk
    E3                   IBUF (Prop_ibuf_I_O)         0.438     0.438 r  clk_IBUF_inst/O
                         net (fo=1, routed)           0.699     1.136    clk_IBUF
    BUFGCTRL_X0Y16       BUFG (Prop_bufg_I_O)         0.029     1.165 r  clk_IBUF_BUFG_inst/O
                         net (fo=81, routed)          0.871     2.036    uart_rx_inst/uart_rx_blk/CLK
    SLICE_X84Y140        FDRE                                         r  uart_rx_inst/uart_rx_blk/bit_counter_reg[1]/C
                         clock pessimism             -0.504     1.531    
    SLICE_X84Y140        FDRE (Hold_fdre_C_D)         0.120     1.651    uart_rx_inst/uart_rx_blk/bit_counter_reg[1]
  -------------------------------------------------------------------
                         required time                         -1.651    
                         arrival time                           1.827    
  -------------------------------------------------------------------
                         slack                                  0.175    

Slack (MET) :             0.176ns  (arrival time - required time)
  Source:                 uart_rx_inst/uart_rx_blk/rx_data_reg[7]/C
                            (rising edge-triggered cell FDRE clocked by sys_clk_pin  {rise@0.000ns fall@5.000ns period=10.000ns})
  Destination:            tx_data_reg[7]/D
                            (rising edge-triggered cell FDRE clocked by sys_clk_pin  {rise@0.000ns fall@5.000ns period=10.000ns})
  Path Group:             sys_clk_pin
  Path Type:              Hold (Min at Fast Process Corner)
  Requirement:            0.000ns  (sys_clk_pin rise@0.000ns - sys_clk_pin rise@0.000ns)
  Data Path Delay:        0.291ns  (logic 0.164ns (56.407%)  route 0.127ns (43.593%))
  Logic Levels:           0  
  Clock Path Skew:        0.037ns (DCD - SCD - CPR)
    Destination Clock Delay (DCD):    2.034ns
    Source Clock Delay      (SCD):    1.517ns
    Clock Pessimism Removal (CPR):    0.479ns

    Location             Delay type                Incr(ns)  Path(ns)    Netlist Resource(s)
  -------------------------------------------------------------------    -------------------
                         (clock sys_clk_pin rise edge)
                                                      0.000     0.000 r  
    E3                                                0.000     0.000 r  clk (IN)
                         net (fo=0)                   0.000     0.000    clk
    E3                   IBUF (Prop_ibuf_I_O)         0.250     0.250 r  clk_IBUF_inst/O
                         net (fo=1, routed)           0.644     0.894    clk_IBUF
    BUFGCTRL_X0Y16       BUFG (Prop_bufg_I_O)         0.026     0.920 r  clk_IBUF_BUFG_inst/O
                         net (fo=81, routed)          0.598     1.517    uart_rx_inst/uart_rx_blk/CLK
    SLICE_X84Y138        FDRE                                         r  uart_rx_inst/uart_rx_blk/rx_data_reg[7]/C
  -------------------------------------------------------------------    -------------------
    SLICE_X84Y138        FDRE (Prop_fdre_C_Q)         0.164     1.681 r  uart_rx_inst/uart_rx_blk/rx_data_reg[7]/Q
                         net (fo=2, routed)           0.127     1.808    rx_data[7]
    SLICE_X86Y137        FDRE                                         r  tx_data_reg[7]/D
  -------------------------------------------------------------------    -------------------

                         (clock sys_clk_pin rise edge)
                                                      0.000     0.000 r  
    E3                                                0.000     0.000 r  clk (IN)
                         net (fo=0)                   0.000     0.000    clk
    E3                   IBUF (Prop_ibuf_I_O)         0.438     0.438 r  clk_IBUF_inst/O
                         net (fo=1, routed)           0.699     1.136    clk_IBUF
    BUFGCTRL_X0Y16       BUFG (Prop_bufg_I_O)         0.029     1.165 r  clk_IBUF_BUFG_inst/O
                         net (fo=81, routed)          0.868     2.034    clk_IBUF_BUFG
    SLICE_X86Y137        FDRE                                         r  tx_data_reg[7]/C
                         clock pessimism             -0.479     1.554    
    SLICE_X86Y137        FDRE (Hold_fdre_C_D)         0.078     1.632    tx_data_reg[7]
  -------------------------------------------------------------------
                         required time                         -1.632    
                         arrival time                           1.808    
  -------------------------------------------------------------------
                         slack                                  0.176    

Slack (MET) :             0.177ns  (arrival time - required time)
  Source:                 uart_rx_inst/rx_ready_reg/C
                            (rising edge-triggered cell FDRE clocked by sys_clk_pin  {rise@0.000ns fall@5.000ns period=10.000ns})
  Destination:            tx_start_reg/D
                            (rising edge-triggered cell FDRE clocked by sys_clk_pin  {rise@0.000ns fall@5.000ns period=10.000ns})
  Path Group:             sys_clk_pin
  Path Type:              Hold (Min at Fast Process Corner)
  Requirement:            0.000ns  (sys_clk_pin rise@0.000ns - sys_clk_pin rise@0.000ns)
  Data Path Delay:        0.337ns  (logic 0.186ns (55.125%)  route 0.151ns (44.875%))
  Logic Levels:           1  (LUT4=1)
  Clock Path Skew:        0.039ns (DCD - SCD - CPR)
    Destination Clock Delay (DCD):    2.036ns
    Source Clock Delay      (SCD):    1.517ns
    Clock Pessimism Removal (CPR):    0.479ns

    Location             Delay type                Incr(ns)  Path(ns)    Netlist Resource(s)
  -------------------------------------------------------------------    -------------------
                         (clock sys_clk_pin rise edge)
                                                      0.000     0.000 r  
    E3                                                0.000     0.000 r  clk (IN)
                         net (fo=0)                   0.000     0.000    clk
    E3                   IBUF (Prop_ibuf_I_O)         0.250     0.250 r  clk_IBUF_inst/O
                         net (fo=1, routed)           0.644     0.894    clk_IBUF
    BUFGCTRL_X0Y16       BUFG (Prop_bufg_I_O)         0.026     0.920 r  clk_IBUF_BUFG_inst/O
                         net (fo=81, routed)          0.598     1.517    uart_rx_inst/CLK
    SLICE_X85Y138        FDRE                                         r  uart_rx_inst/rx_ready_reg/C
  -------------------------------------------------------------------    -------------------
    SLICE_X85Y138        FDRE (Prop_fdre_C_Q)         0.141     1.658 r  uart_rx_inst/rx_ready_reg/Q
                         net (fo=2, routed)           0.151     1.810    uart_tx_inst/uart_tx_blk/rx_ready
    SLICE_X88Y138        LUT4 (Prop_lut4_I2_O)        0.045     1.855 r  uart_tx_inst/uart_tx_blk/tx_start_i_1/O
                         net (fo=1, routed)           0.000     1.855    uart_tx_inst_n_0
    SLICE_X88Y138        FDRE                                         r  tx_start_reg/D
  -------------------------------------------------------------------    -------------------

                         (clock sys_clk_pin rise edge)
                                                      0.000     0.000 r  
    E3                                                0.000     0.000 r  clk (IN)
                         net (fo=0)                   0.000     0.000    clk
    E3                   IBUF (Prop_ibuf_I_O)         0.438     0.438 r  clk_IBUF_inst/O
                         net (fo=1, routed)           0.699     1.136    clk_IBUF
    BUFGCTRL_X0Y16       BUFG (Prop_bufg_I_O)         0.029     1.165 r  clk_IBUF_BUFG_inst/O
                         net (fo=81, routed)          0.871     2.036    clk_IBUF_BUFG
    SLICE_X88Y138        FDRE                                         r  tx_start_reg/C
                         clock pessimism             -0.479     1.556    
    SLICE_X88Y138        FDRE (Hold_fdre_C_D)         0.121     1.677    tx_start_reg
  -------------------------------------------------------------------
                         required time                         -1.677    
                         arrival time                           1.855    
  -------------------------------------------------------------------
                         slack                                  0.177    

Slack (MET) :             0.185ns  (arrival time - required time)
  Source:                 uart_rx_inst/uart_rx_blk/rx_data_reg[3]/C
                            (rising edge-triggered cell FDRE clocked by sys_clk_pin  {rise@0.000ns fall@5.000ns period=10.000ns})
  Destination:            uart_rx_inst/uart_rx_blk/rx_data_reg[2]/D
                            (rising edge-triggered cell FDRE clocked by sys_clk_pin  {rise@0.000ns fall@5.000ns period=10.000ns})
  Path Group:             sys_clk_pin
  Path Type:              Hold (Min at Fast Process Corner)
  Requirement:            0.000ns  (sys_clk_pin rise@0.000ns - sys_clk_pin rise@0.000ns)
  Data Path Delay:        0.261ns  (logic 0.141ns (54.048%)  route 0.120ns (45.952%))
  Logic Levels:           0  
  Clock Path Skew:        0.013ns (DCD - SCD - CPR)
    Destination Clock Delay (DCD):    2.033ns
    Source Clock Delay      (SCD):    1.516ns
    Clock Pessimism Removal (CPR):    0.503ns

    Location             Delay type                Incr(ns)  Path(ns)    Netlist Resource(s)
  -------------------------------------------------------------------    -------------------
                         (clock sys_clk_pin rise edge)
                                                      0.000     0.000 r  
    E3                                                0.000     0.000 r  clk (IN)
                         net (fo=0)                   0.000     0.000    clk
    E3                   IBUF (Prop_ibuf_I_O)         0.250     0.250 r  clk_IBUF_inst/O
                         net (fo=1, routed)           0.644     0.894    clk_IBUF
    BUFGCTRL_X0Y16       BUFG (Prop_bufg_I_O)         0.026     0.920 r  clk_IBUF_BUFG_inst/O
                         net (fo=81, routed)          0.597     1.516    uart_rx_inst/uart_rx_blk/CLK
    SLICE_X85Y137        FDRE                                         r  uart_rx_inst/uart_rx_blk/rx_data_reg[3]/C
  -------------------------------------------------------------------    -------------------
    SLICE_X85Y137        FDRE (Prop_fdre_C_Q)         0.141     1.657 r  uart_rx_inst/uart_rx_blk/rx_data_reg[3]/Q
                         net (fo=2, routed)           0.120     1.777    uart_rx_inst/uart_rx_blk/Q[3]
    SLICE_X84Y137        FDRE                                         r  uart_rx_inst/uart_rx_blk/rx_data_reg[2]/D
  -------------------------------------------------------------------    -------------------

                         (clock sys_clk_pin rise edge)
                                                      0.000     0.000 r  
    E3                                                0.000     0.000 r  clk (IN)
                         net (fo=0)                   0.000     0.000    clk
    E3                   IBUF (Prop_ibuf_I_O)         0.438     0.438 r  clk_IBUF_inst/O
                         net (fo=1, routed)           0.699     1.136    clk_IBUF
    BUFGCTRL_X0Y16       BUFG (Prop_bufg_I_O)         0.029     1.165 r  clk_IBUF_BUFG_inst/O
                         net (fo=81, routed)          0.868     2.033    uart_rx_inst/uart_rx_blk/CLK
    SLICE_X84Y137        FDRE                                         r  uart_rx_inst/uart_rx_blk/rx_data_reg[2]/C
                         clock pessimism             -0.503     1.529    
    SLICE_X84Y137        FDRE (Hold_fdre_C_D)         0.063     1.592    uart_rx_inst/uart_rx_blk/rx_data_reg[2]
  -------------------------------------------------------------------
                         required time                         -1.592    
                         arrival time                           1.777    
  -------------------------------------------------------------------
                         slack                                  0.185    

Slack (MET) :             0.199ns  (arrival time - required time)
  Source:                 tx_data_reg[0]/C
                            (rising edge-triggered cell FDRE clocked by sys_clk_pin  {rise@0.000ns fall@5.000ns period=10.000ns})
  Destination:            uart_tx_inst/uart_tx_blk/tx_data_reg_reg[0]/D
                            (rising edge-triggered cell FDRE clocked by sys_clk_pin  {rise@0.000ns fall@5.000ns period=10.000ns})
  Path Group:             sys_clk_pin
  Path Type:              Hold (Min at Fast Process Corner)
  Requirement:            0.000ns  (sys_clk_pin rise@0.000ns - sys_clk_pin rise@0.000ns)
  Data Path Delay:        0.259ns  (logic 0.141ns (54.413%)  route 0.118ns (45.587%))
  Logic Levels:           0  
  Clock Path Skew:        0.014ns (DCD - SCD - CPR)
    Destination Clock Delay (DCD):    2.033ns
    Source Clock Delay      (SCD):    1.517ns
    Clock Pessimism Removal (CPR):    0.501ns

    Location             Delay type                Incr(ns)  Path(ns)    Netlist Resource(s)
  -------------------------------------------------------------------    -------------------
                         (clock sys_clk_pin rise edge)
                                                      0.000     0.000 r  
    E3                                                0.000     0.000 r  clk (IN)
                         net (fo=0)                   0.000     0.000    clk
    E3                   IBUF (Prop_ibuf_I_O)         0.250     0.250 r  clk_IBUF_inst/O
                         net (fo=1, routed)           0.644     0.894    clk_IBUF
    BUFGCTRL_X0Y16       BUFG (Prop_bufg_I_O)         0.026     0.920 r  clk_IBUF_BUFG_inst/O
                         net (fo=81, routed)          0.598     1.517    clk_IBUF_BUFG
    SLICE_X86Y137        FDRE                                         r  tx_data_reg[0]/C
  -------------------------------------------------------------------    -------------------
    SLICE_X86Y137        FDRE (Prop_fdre_C_Q)         0.141     1.658 r  tx_data_reg[0]/Q
                         net (fo=1, routed)           0.118     1.777    uart_tx_inst/uart_tx_blk/Q[0]
    SLICE_X86Y136        FDRE                                         r  uart_tx_inst/uart_tx_blk/tx_data_reg_reg[0]/D
  -------------------------------------------------------------------    -------------------

                         (clock sys_clk_pin rise edge)
                                                      0.000     0.000 r  
    E3                                                0.000     0.000 r  clk (IN)
                         net (fo=0)                   0.000     0.000    clk
    E3                   IBUF (Prop_ibuf_I_O)         0.438     0.438 r  clk_IBUF_inst/O
                         net (fo=1, routed)           0.699     1.136    clk_IBUF
    BUFGCTRL_X0Y16       BUFG (Prop_bufg_I_O)         0.029     1.165 r  clk_IBUF_BUFG_inst/O
                         net (fo=81, routed)          0.867     2.033    uart_tx_inst/uart_tx_blk/CLK
    SLICE_X86Y136        FDRE                                         r  uart_tx_inst/uart_tx_blk/tx_data_reg_reg[0]/C
                         clock pessimism             -0.501     1.531    
    SLICE_X86Y136        FDRE (Hold_fdre_C_D)         0.046     1.577    uart_tx_inst/uart_tx_blk/tx_data_reg_reg[0]
  -------------------------------------------------------------------
                         required time                         -1.577    
                         arrival time                           1.777    
  -------------------------------------------------------------------
                         slack                                  0.199    

Slack (MET) :             0.199ns  (arrival time - required time)
  Source:                 uart_rx_inst/uart_rx_blk/rx_data_reg[0]/C
                            (rising edge-triggered cell FDRE clocked by sys_clk_pin  {rise@0.000ns fall@5.000ns period=10.000ns})
  Destination:            tx_data_reg[0]/D
                            (rising edge-triggered cell FDRE clocked by sys_clk_pin  {rise@0.000ns fall@5.000ns period=10.000ns})
  Path Group:             sys_clk_pin
  Path Type:              Hold (Min at Fast Process Corner)
  Requirement:            0.000ns  (sys_clk_pin rise@0.000ns - sys_clk_pin rise@0.000ns)
  Data Path Delay:        0.283ns  (logic 0.164ns (57.888%)  route 0.119ns (42.112%))
  Logic Levels:           0  
  Clock Path Skew:        0.038ns (DCD - SCD - CPR)
    Destination Clock Delay (DCD):    2.034ns
    Source Clock Delay      (SCD):    1.516ns
    Clock Pessimism Removal (CPR):    0.479ns

    Location             Delay type                Incr(ns)  Path(ns)    Netlist Resource(s)
  -------------------------------------------------------------------    -------------------
                         (clock sys_clk_pin rise edge)
                                                      0.000     0.000 r  
    E3                                                0.000     0.000 r  clk (IN)
                         net (fo=0)                   0.000     0.000    clk
    E3                   IBUF (Prop_ibuf_I_O)         0.250     0.250 r  clk_IBUF_inst/O
                         net (fo=1, routed)           0.644     0.894    clk_IBUF
    BUFGCTRL_X0Y16       BUFG (Prop_bufg_I_O)         0.026     0.920 r  clk_IBUF_BUFG_inst/O
                         net (fo=81, routed)          0.597     1.516    uart_rx_inst/uart_rx_blk/CLK
    SLICE_X84Y137        FDRE                                         r  uart_rx_inst/uart_rx_blk/rx_data_reg[0]/C
  -------------------------------------------------------------------    -------------------
    SLICE_X84Y137        FDRE (Prop_fdre_C_Q)         0.164     1.680 r  uart_rx_inst/uart_rx_blk/rx_data_reg[0]/Q
                         net (fo=1, routed)           0.119     1.800    rx_data[0]
    SLICE_X86Y137        FDRE                                         r  tx_data_reg[0]/D
  -------------------------------------------------------------------    -------------------

                         (clock sys_clk_pin rise edge)
                                                      0.000     0.000 r  
    E3                                                0.000     0.000 r  clk (IN)
                         net (fo=0)                   0.000     0.000    clk
    E3                   IBUF (Prop_ibuf_I_O)         0.438     0.438 r  clk_IBUF_inst/O
                         net (fo=1, routed)           0.699     1.136    clk_IBUF
    BUFGCTRL_X0Y16       BUFG (Prop_bufg_I_O)         0.029     1.165 r  clk_IBUF_BUFG_inst/O
                         net (fo=81, routed)          0.868     2.034    clk_IBUF_BUFG
    SLICE_X86Y137        FDRE                                         r  tx_data_reg[0]/C
                         clock pessimism             -0.479     1.554    
    SLICE_X86Y137        FDRE (Hold_fdre_C_D)         0.046     1.600    tx_data_reg[0]
  -------------------------------------------------------------------
                         required time                         -1.600    
                         arrival time                           1.800    
  -------------------------------------------------------------------
                         slack                                  0.199    

Slack (MET) :             0.206ns  (arrival time - required time)
  Source:                 uart_rx_inst/uart_rx_blk/rx_data_reg[7]/C
                            (rising edge-triggered cell FDRE clocked by sys_clk_pin  {rise@0.000ns fall@5.000ns period=10.000ns})
  Destination:            uart_rx_inst/uart_rx_blk/rx_data_reg[6]/D
                            (rising edge-triggered cell FDRE clocked by sys_clk_pin  {rise@0.000ns fall@5.000ns period=10.000ns})
  Path Group:             sys_clk_pin
  Path Type:              Hold (Min at Fast Process Corner)
  Requirement:            0.000ns  (sys_clk_pin rise@0.000ns - sys_clk_pin rise@0.000ns)
  Data Path Delay:        0.292ns  (logic 0.164ns (56.106%)  route 0.128ns (43.894%))
  Logic Levels:           0  
  Clock Path Skew:        0.014ns (DCD - SCD - CPR)
    Destination Clock Delay (DCD):    2.033ns
    Source Clock Delay      (SCD):    1.517ns
    Clock Pessimism Removal (CPR):    0.501ns

    Location             Delay type                Incr(ns)  Path(ns)    Netlist Resource(s)
  -------------------------------------------------------------------    -------------------
                         (clock sys_clk_pin rise edge)
                                                      0.000     0.000 r  
    E3                                                0.000     0.000 r  clk (IN)
                         net (fo=0)                   0.000     0.000    clk
    E3                   IBUF (Prop_ibuf_I_O)         0.250     0.250 r  clk_IBUF_inst/O
                         net (fo=1, routed)           0.644     0.894    clk_IBUF
    BUFGCTRL_X0Y16       BUFG (Prop_bufg_I_O)         0.026     0.920 r  clk_IBUF_BUFG_inst/O
                         net (fo=81, routed)          0.598     1.517    uart_rx_inst/uart_rx_blk/CLK
    SLICE_X84Y138        FDRE                                         r  uart_rx_inst/uart_rx_blk/rx_data_reg[7]/C
  -------------------------------------------------------------------    -------------------
    SLICE_X84Y138        FDRE (Prop_fdre_C_Q)         0.164     1.681 r  uart_rx_inst/uart_rx_blk/rx_data_reg[7]/Q
                         net (fo=2, routed)           0.128     1.810    uart_rx_inst/uart_rx_blk/Q[7]
    SLICE_X85Y137        FDRE                                         r  uart_rx_inst/uart_rx_blk/rx_data_reg[6]/D
  -------------------------------------------------------------------    -------------------

                         (clock sys_clk_pin rise edge)
                                                      0.000     0.000 r  
    E3                                                0.000     0.000 r  clk (IN)
                         net (fo=0)                   0.000     0.000    clk
    E3                   IBUF (Prop_ibuf_I_O)         0.438     0.438 r  clk_IBUF_inst/O
                         net (fo=1, routed)           0.699     1.136    clk_IBUF
    BUFGCTRL_X0Y16       BUFG (Prop_bufg_I_O)         0.029     1.165 r  clk_IBUF_BUFG_inst/O
                         net (fo=81, routed)          0.868     2.033    uart_rx_inst/uart_rx_blk/CLK
    SLICE_X85Y137        FDRE                                         r  uart_rx_inst/uart_rx_blk/rx_data_reg[6]/C
                         clock pessimism             -0.501     1.531    
    SLICE_X85Y137        FDRE (Hold_fdre_C_D)         0.072     1.603    uart_rx_inst/uart_rx_blk/rx_data_reg[6]
  -------------------------------------------------------------------
                         required time                         -1.603    
                         arrival time                           1.810    
  -------------------------------------------------------------------
                         slack                                  0.206    





Pulse Width Checks
--------------------------------------------------------------------------------------
Clock Name:         sys_clk_pin
Waveform(ns):       { 0.000 5.000 }
Period(ns):         10.000
Sources:            { clk }

Check Type        Corner  Lib Pin  Reference Pin  Required(ns)  Actual(ns)  Slack(ns)  Location        Pin
Min Period        n/a     BUFG/I   n/a            2.155         10.000      7.845      BUFGCTRL_X0Y16  clk_IBUF_BUFG_inst/I
Min Period        n/a     FDRE/C   n/a            1.000         10.000      9.000      SLICE_X86Y137   tx_data_reg[0]/C
Min Period        n/a     FDRE/C   n/a            1.000         10.000      9.000      SLICE_X86Y137   tx_data_reg[1]/C
Min Period        n/a     FDRE/C   n/a            1.000         10.000      9.000      SLICE_X86Y137   tx_data_reg[2]/C
Min Period        n/a     FDRE/C   n/a            1.000         10.000      9.000      SLICE_X86Y137   tx_data_reg[3]/C
Min Period        n/a     FDRE/C   n/a            1.000         10.000      9.000      SLICE_X86Y137   tx_data_reg[4]/C
Min Period        n/a     FDRE/C   n/a            1.000         10.000      9.000      SLICE_X86Y137   tx_data_reg[5]/C
Min Period        n/a     FDRE/C   n/a            1.000         10.000      9.000      SLICE_X86Y137   tx_data_reg[6]/C
Min Period        n/a     FDRE/C   n/a            1.000         10.000      9.000      SLICE_X86Y137   tx_data_reg[7]/C
Min Period        n/a     FDRE/C   n/a            1.000         10.000      9.000      SLICE_X88Y138   tx_start_reg/C
Low Pulse Width   Slow    FDRE/C   n/a            0.500         5.000       4.500      SLICE_X86Y137   tx_data_reg[0]/C
Low Pulse Width   Fast    FDRE/C   n/a            0.500         5.000       4.500      SLICE_X86Y137   tx_data_reg[0]/C
Low Pulse Width   Slow    FDRE/C   n/a            0.500         5.000       4.500      SLICE_X86Y137   tx_data_reg[1]/C
Low Pulse Width   Fast    FDRE/C   n/a            0.500         5.000       4.500      SLICE_X86Y137   tx_data_reg[1]/C
Low Pulse Width   Slow    FDRE/C   n/a            0.500         5.000       4.500      SLICE_X86Y137   tx_data_reg[2]/C
Low Pulse Width   Fast    FDRE/C   n/a            0.500         5.000       4.500      SLICE_X86Y137   tx_data_reg[2]/C
Low Pulse Width   Slow    FDRE/C   n/a            0.500         5.000       4.500      SLICE_X86Y137   tx_data_reg[3]/C
Low Pulse Width   Fast    FDRE/C   n/a            0.500         5.000       4.500      SLICE_X86Y137   tx_data_reg[3]/C
Low Pulse Width   Slow    FDRE/C   n/a            0.500         5.000       4.500      SLICE_X86Y137   tx_data_reg[4]/C
Low Pulse Width   Fast    FDRE/C   n/a            0.500         5.000       4.500      SLICE_X86Y137   tx_data_reg[4]/C
High Pulse Width  Slow    FDRE/C   n/a            0.500         5.000       4.500      SLICE_X86Y137   tx_data_reg[0]/C
High Pulse Width  Fast    FDRE/C   n/a            0.500         5.000       4.500      SLICE_X86Y137   tx_data_reg[0]/C
High Pulse Width  Slow    FDRE/C   n/a            0.500         5.000       4.500      SLICE_X86Y137   tx_data_reg[1]/C
High Pulse Width  Fast    FDRE/C   n/a            0.500         5.000       4.500      SLICE_X86Y137   tx_data_reg[1]/C
High Pulse Width  Slow    FDRE/C   n/a            0.500         5.000       4.500      SLICE_X86Y137   tx_data_reg[2]/C
High Pulse Width  Fast    FDRE/C   n/a            0.500         5.000       4.500      SLICE_X86Y137   tx_data_reg[2]/C
High Pulse Width  Slow    FDRE/C   n/a            0.500         5.000       4.500      SLICE_X86Y137   tx_data_reg[3]/C
High Pulse Width  Fast    FDRE/C   n/a            0.500         5.000       4.500      SLICE_X86Y137   tx_data_reg[3]/C
High Pulse Width  Slow    FDRE/C   n/a            0.500         5.000       4.500      SLICE_X86Y137   tx_data_reg[4]/C
High Pulse Width  Fast    FDRE/C   n/a            0.500         5.000       4.500      SLICE_X86Y137   tx_data_reg[4]/C



--------------------------------------------------------------------------------------
Path Group:  (none)
From Clock:  sys_clk_pin
  To Clock:  

Max Delay             1 Endpoint
Min Delay             1 Endpoint
--------------------------------------------------------------------------------------


Max Delay Paths
--------------------------------------------------------------------------------------
Slack:                    inf
  Source:                 uart_tx_inst/uart_tx_blk/tx_data_reg_reg[0]/C
                            (rising edge-triggered cell FDRE clocked by sys_clk_pin  {rise@0.000ns fall@5.000ns period=10.000ns})
  Destination:            tx
                            (output port)
  Path Group:             (none)
  Path Type:              Max at Slow Process Corner
  Data Path Delay:        7.952ns  (logic 4.259ns (53.562%)  route 3.693ns (46.438%))
  Logic Levels:           3  (LUT5=1 LUT6=1 OBUF=1)
  Clock Uncertainty:      0.025ns  ((TSJ^2 + TIJ^2)^1/2 + DJ) / 2 + PE
    Total System Jitter     (TSJ):    0.050ns
    Total Input Jitter      (TIJ):    0.000ns
    Discrete Jitter          (DJ):    0.000ns
    Phase Error              (PE):    0.000ns

    Location             Delay type                Incr(ns)  Path(ns)    Netlist Resource(s)
  -------------------------------------------------------------------    -------------------
                         (clock sys_clk_pin rise edge)
                                                      0.000     0.000 r  
    E3                                                0.000     0.000 r  clk (IN)
                         net (fo=0)                   0.000     0.000    clk
    E3                   IBUF (Prop_ibuf_I_O)         1.482     1.482 r  clk_IBUF_inst/O
                         net (fo=1, routed)           2.025     3.506    clk_IBUF
    BUFGCTRL_X0Y16       BUFG (Prop_bufg_I_O)         0.096     3.602 r  clk_IBUF_BUFG_inst/O
                         net (fo=81, routed)          1.711     5.313    uart_tx_inst/uart_tx_blk/CLK
    SLICE_X86Y136        FDRE                                         r  uart_tx_inst/uart_tx_blk/tx_data_reg_reg[0]/C
  -------------------------------------------------------------------    -------------------
    SLICE_X86Y136        FDRE (Prop_fdre_C_Q)         0.456     5.769 r  uart_tx_inst/uart_tx_blk/tx_data_reg_reg[0]/Q
                         net (fo=1, routed)           0.970     6.739    uart_tx_inst/uart_tx_blk/tx_data_reg[0]
    SLICE_X86Y136        LUT6 (Prop_lut6_I5_O)        0.124     6.863 r  uart_tx_inst/uart_tx_blk/tx_OBUF_inst_i_3/O
                         net (fo=1, routed)           0.804     7.667    uart_tx_inst/uart_tx_blk/tx_OBUF_inst_i_3_n_0
    SLICE_X88Y137        LUT5 (Prop_lut5_I2_O)        0.124     7.791 r  uart_tx_inst/uart_tx_blk/tx_OBUF_inst_i_1/O
                         net (fo=1, routed)           1.919     9.710    tx_OBUF
    D4                   OBUF (Prop_obuf_I_O)         3.555    13.265 r  tx_OBUF_inst/O
                         net (fo=0)                   0.000    13.265    tx
    D4                                                                r  tx (OUT)
  -------------------------------------------------------------------    -------------------





Min Delay Paths
--------------------------------------------------------------------------------------
Slack:                    inf
  Source:                 uart_tx_inst/uart_tx_blk/FSM_sequential_state_reg[1]/C
                            (rising edge-triggered cell FDRE clocked by sys_clk_pin  {rise@0.000ns fall@5.000ns period=10.000ns})
  Destination:            tx
                            (output port)
  Path Group:             (none)
  Path Type:              Min at Fast Process Corner
  Data Path Delay:        2.148ns  (logic 1.502ns (69.931%)  route 0.646ns (30.069%))
  Logic Levels:           2  (LUT5=1 OBUF=1)
  Clock Uncertainty:      0.025ns  ((TSJ^2 + TIJ^2)^1/2 + DJ) / 2 + PE
    Total System Jitter     (TSJ):    0.050ns
    Total Input Jitter      (TIJ):    0.000ns
    Discrete Jitter          (DJ):    0.000ns
    Phase Error              (PE):    0.000ns

    Location             Delay type                Incr(ns)  Path(ns)    Netlist Resource(s)
  -------------------------------------------------------------------    -------------------
                         (clock sys_clk_pin rise edge)
                                                      0.000     0.000 r  
    E3                                                0.000     0.000 r  clk (IN)
                         net (fo=0)                   0.000     0.000    clk
    E3                   IBUF (Prop_ibuf_I_O)         0.250     0.250 r  clk_IBUF_inst/O
                         net (fo=1, routed)           0.644     0.894    clk_IBUF
    BUFGCTRL_X0Y16       BUFG (Prop_bufg_I_O)         0.026     0.920 r  clk_IBUF_BUFG_inst/O
                         net (fo=81, routed)          0.599     1.518    uart_tx_inst/uart_tx_blk/CLK
    SLICE_X88Y138        FDRE                                         r  uart_tx_inst/uart_tx_blk/FSM_sequential_state_reg[1]/C
  -------------------------------------------------------------------    -------------------
    SLICE_X88Y138        FDRE (Prop_fdre_C_Q)         0.148     1.666 r  uart_tx_inst/uart_tx_blk/FSM_sequential_state_reg[1]/Q
                         net (fo=11, routed)          0.205     1.871    uart_tx_inst/uart_tx_blk/state[1]
    SLICE_X88Y137        LUT5 (Prop_lut5_I3_O)        0.098     1.969 r  uart_tx_inst/uart_tx_blk/tx_OBUF_inst_i_1/O
                         net (fo=1, routed)           0.441     2.410    tx_OBUF
    D4                   OBUF (Prop_obuf_I_O)         1.256     3.666 r  tx_OBUF_inst/O
                         net (fo=0)                   0.000     3.666    tx
    D4                                                                r  tx (OUT)
  -------------------------------------------------------------------    -------------------





--------------------------------------------------------------------------------------
Path Group:  (none)
From Clock:  
  To Clock:  sys_clk_pin

Max Delay            40 Endpoints
Min Delay            40 Endpoints
--------------------------------------------------------------------------------------


Max Delay Paths
--------------------------------------------------------------------------------------
Slack:                    inf
  Source:                 reset
                            (input port)
  Destination:            uart_rx_inst/uart_rx_blk/bit_counter_reg[0]/R
                            (rising edge-triggered cell FDRE clocked by sys_clk_pin  {rise@0.000ns fall@5.000ns period=10.000ns})
  Path Group:             (none)
  Path Type:              Setup (Max at Slow Process Corner)
  Data Path Delay:        6.571ns  (logic 1.631ns (24.823%)  route 4.940ns (75.177%))
  Logic Levels:           2  (IBUF=1 LUT1=1)
  Clock Path Skew:        5.016ns (DCD - SCD + CPR)
    Destination Clock Delay (DCD):    5.016ns
    Source Clock Delay      (SCD):    0.000ns
    Clock Pessimism Removal (CPR):    0.000ns
  Clock Uncertainty:      0.025ns  ((TSJ^2 + TIJ^2)^1/2 + DJ) / 2 + PE
    Total System Jitter     (TSJ):    0.050ns
    Total Input Jitter      (TIJ):    0.000ns
    Discrete Jitter          (DJ):    0.000ns
    Phase Error              (PE):    0.000ns

    Location             Delay type                Incr(ns)  Path(ns)    Netlist Resource(s)
  -------------------------------------------------------------------    -------------------
    C12                                               0.000     0.000 f  reset (IN)
                         net (fo=0)                   0.000     0.000    reset
    C12                  IBUF (Prop_ibuf_I_O)         1.507     1.507 f  reset_IBUF_inst/O
                         net (fo=7, routed)           3.685     5.192    uart_rx_inst/uart_rx_blk/reset_IBUF
    SLICE_X84Y138        LUT1 (Prop_lut1_I0_O)        0.124     5.316 r  uart_rx_inst/uart_rx_blk/FSM_sequential_state[2]_i_1/O
                         net (fo=33, routed)          1.255     6.571    uart_rx_inst/uart_rx_blk/reset
    SLICE_X86Y140        FDRE                                         r  uart_rx_inst/uart_rx_blk/bit_counter_reg[0]/R
  -------------------------------------------------------------------    -------------------

                         (clock sys_clk_pin rise edge)
                                                      0.000     0.000 r  
    E3                                                0.000     0.000 r  clk (IN)
                         net (fo=0)                   0.000     0.000    clk
    E3                   IBUF (Prop_ibuf_I_O)         1.411     1.411 r  clk_IBUF_inst/O
                         net (fo=1, routed)           1.920     3.331    clk_IBUF
    BUFGCTRL_X0Y16       BUFG (Prop_bufg_I_O)         0.091     3.422 r  clk_IBUF_BUFG_inst/O
                         net (fo=81, routed)          1.594     5.016    uart_rx_inst/uart_rx_blk/CLK
    SLICE_X86Y140        FDRE                                         r  uart_rx_inst/uart_rx_blk/bit_counter_reg[0]/C

Slack:                    inf
  Source:                 reset
                            (input port)
  Destination:            uart_tx_inst/uart_tx_blk/tx_data_reg_reg[4]/R
                            (rising edge-triggered cell FDRE clocked by sys_clk_pin  {rise@0.000ns fall@5.000ns period=10.000ns})
  Path Group:             (none)
  Path Type:              Setup (Max at Slow Process Corner)
  Data Path Delay:        6.428ns  (logic 1.631ns (25.375%)  route 4.797ns (74.625%))
  Logic Levels:           2  (IBUF=1 LUT1=1)
  Clock Path Skew:        5.015ns (DCD - SCD + CPR)
    Destination Clock Delay (DCD):    5.015ns
    Source Clock Delay      (SCD):    0.000ns
    Clock Pessimism Removal (CPR):    0.000ns
  Clock Uncertainty:      0.025ns  ((TSJ^2 + TIJ^2)^1/2 + DJ) / 2 + PE
    Total System Jitter     (TSJ):    0.050ns
    Total Input Jitter      (TIJ):    0.000ns
    Discrete Jitter          (DJ):    0.000ns
    Phase Error              (PE):    0.000ns

    Location             Delay type                Incr(ns)  Path(ns)    Netlist Resource(s)
  -------------------------------------------------------------------    -------------------
    C12                                               0.000     0.000 f  reset (IN)
                         net (fo=0)                   0.000     0.000    reset
    C12                  IBUF (Prop_ibuf_I_O)         1.507     1.507 f  reset_IBUF_inst/O
                         net (fo=7, routed)           3.685     5.192    uart_rx_inst/uart_rx_blk/reset_IBUF
    SLICE_X84Y138        LUT1 (Prop_lut1_I0_O)        0.124     5.316 r  uart_rx_inst/uart_rx_blk/FSM_sequential_state[2]_i_1/O
                         net (fo=33, routed)          1.112     6.428    uart_tx_inst/uart_tx_blk/SR[0]
    SLICE_X86Y138        FDRE                                         r  uart_tx_inst/uart_tx_blk/tx_data_reg_reg[4]/R
  -------------------------------------------------------------------    -------------------

                         (clock sys_clk_pin rise edge)
                                                      0.000     0.000 r  
    E3                                                0.000     0.000 r  clk (IN)
                         net (fo=0)                   0.000     0.000    clk
    E3                   IBUF (Prop_ibuf_I_O)         1.411     1.411 r  clk_IBUF_inst/O
                         net (fo=1, routed)           1.920     3.331    clk_IBUF
    BUFGCTRL_X0Y16       BUFG (Prop_bufg_I_O)         0.091     3.422 r  clk_IBUF_BUFG_inst/O
                         net (fo=81, routed)          1.593     5.015    uart_tx_inst/uart_tx_blk/CLK
    SLICE_X86Y138        FDRE                                         r  uart_tx_inst/uart_tx_blk/tx_data_reg_reg[4]/C

Slack:                    inf
  Source:                 reset
                            (input port)
  Destination:            uart_tx_inst/uart_tx_blk/tx_data_reg_reg[7]/R
                            (rising edge-triggered cell FDRE clocked by sys_clk_pin  {rise@0.000ns fall@5.000ns period=10.000ns})
  Path Group:             (none)
  Path Type:              Setup (Max at Slow Process Corner)
  Data Path Delay:        6.428ns  (logic 1.631ns (25.375%)  route 4.797ns (74.625%))
  Logic Levels:           2  (IBUF=1 LUT1=1)
  Clock Path Skew:        5.015ns (DCD - SCD + CPR)
    Destination Clock Delay (DCD):    5.015ns
    Source Clock Delay      (SCD):    0.000ns
    Clock Pessimism Removal (CPR):    0.000ns
  Clock Uncertainty:      0.025ns  ((TSJ^2 + TIJ^2)^1/2 + DJ) / 2 + PE
    Total System Jitter     (TSJ):    0.050ns
    Total Input Jitter      (TIJ):    0.000ns
    Discrete Jitter          (DJ):    0.000ns
    Phase Error              (PE):    0.000ns

    Location             Delay type                Incr(ns)  Path(ns)    Netlist Resource(s)
  -------------------------------------------------------------------    -------------------
    C12                                               0.000     0.000 f  reset (IN)
                         net (fo=0)                   0.000     0.000    reset
    C12                  IBUF (Prop_ibuf_I_O)         1.507     1.507 f  reset_IBUF_inst/O
                         net (fo=7, routed)           3.685     5.192    uart_rx_inst/uart_rx_blk/reset_IBUF
    SLICE_X84Y138        LUT1 (Prop_lut1_I0_O)        0.124     5.316 r  uart_rx_inst/uart_rx_blk/FSM_sequential_state[2]_i_1/O
                         net (fo=33, routed)          1.112     6.428    uart_tx_inst/uart_tx_blk/SR[0]
    SLICE_X86Y138        FDRE                                         r  uart_tx_inst/uart_tx_blk/tx_data_reg_reg[7]/R
  -------------------------------------------------------------------    -------------------

                         (clock sys_clk_pin rise edge)
                                                      0.000     0.000 r  
    E3                                                0.000     0.000 r  clk (IN)
                         net (fo=0)                   0.000     0.000    clk
    E3                   IBUF (Prop_ibuf_I_O)         1.411     1.411 r  clk_IBUF_inst/O
                         net (fo=1, routed)           1.920     3.331    clk_IBUF
    BUFGCTRL_X0Y16       BUFG (Prop_bufg_I_O)         0.091     3.422 r  clk_IBUF_BUFG_inst/O
                         net (fo=81, routed)          1.593     5.015    uart_tx_inst/uart_tx_blk/CLK
    SLICE_X86Y138        FDRE                                         r  uart_tx_inst/uart_tx_blk/tx_data_reg_reg[7]/C

Slack:                    inf
  Source:                 reset
                            (input port)
  Destination:            tx_data_reg[0]/R
                            (rising edge-triggered cell FDRE clocked by sys_clk_pin  {rise@0.000ns fall@5.000ns period=10.000ns})
  Path Group:             (none)
  Path Type:              Setup (Max at Slow Process Corner)
  Data Path Delay:        6.289ns  (logic 1.631ns (25.934%)  route 4.658ns (74.066%))
  Logic Levels:           2  (IBUF=1 LUT1=1)
  Clock Path Skew:        5.014ns (DCD - SCD + CPR)
    Destination Clock Delay (DCD):    5.014ns
    Source Clock Delay      (SCD):    0.000ns
    Clock Pessimism Removal (CPR):    0.000ns
  Clock Uncertainty:      0.025ns  ((TSJ^2 + TIJ^2)^1/2 + DJ) / 2 + PE
    Total System Jitter     (TSJ):    0.050ns
    Total Input Jitter      (TIJ):    0.000ns
    Discrete Jitter          (DJ):    0.000ns
    Phase Error              (PE):    0.000ns

    Location             Delay type                Incr(ns)  Path(ns)    Netlist Resource(s)
  -------------------------------------------------------------------    -------------------
    C12                                               0.000     0.000 f  reset (IN)
                         net (fo=0)                   0.000     0.000    reset
    C12                  IBUF (Prop_ibuf_I_O)         1.507     1.507 f  reset_IBUF_inst/O
                         net (fo=7, routed)           3.685     5.192    uart_rx_inst/uart_rx_blk/reset_IBUF
    SLICE_X84Y138        LUT1 (Prop_lut1_I0_O)        0.124     5.316 r  uart_rx_inst/uart_rx_blk/FSM_sequential_state[2]_i_1/O
                         net (fo=33, routed)          0.973     6.289    reset_n
    SLICE_X86Y137        FDRE                                         r  tx_data_reg[0]/R
  -------------------------------------------------------------------    -------------------

                         (clock sys_clk_pin rise edge)
                                                      0.000     0.000 r  
    E3                                                0.000     0.000 r  clk (IN)
                         net (fo=0)                   0.000     0.000    clk
    E3                   IBUF (Prop_ibuf_I_O)         1.411     1.411 r  clk_IBUF_inst/O
                         net (fo=1, routed)           1.920     3.331    clk_IBUF
    BUFGCTRL_X0Y16       BUFG (Prop_bufg_I_O)         0.091     3.422 r  clk_IBUF_BUFG_inst/O
                         net (fo=81, routed)          1.592     5.014    clk_IBUF_BUFG
    SLICE_X86Y137        FDRE                                         r  tx_data_reg[0]/C

Slack:                    inf
  Source:                 reset
                            (input port)
  Destination:            tx_data_reg[1]/R
                            (rising edge-triggered cell FDRE clocked by sys_clk_pin  {rise@0.000ns fall@5.000ns period=10.000ns})
  Path Group:             (none)
  Path Type:              Setup (Max at Slow Process Corner)
  Data Path Delay:        6.289ns  (logic 1.631ns (25.934%)  route 4.658ns (74.066%))
  Logic Levels:           2  (IBUF=1 LUT1=1)
  Clock Path Skew:        5.014ns (DCD - SCD + CPR)
    Destination Clock Delay (DCD):    5.014ns
    Source Clock Delay      (SCD):    0.000ns
    Clock Pessimism Removal (CPR):    0.000ns
  Clock Uncertainty:      0.025ns  ((TSJ^2 + TIJ^2)^1/2 + DJ) / 2 + PE
    Total System Jitter     (TSJ):    0.050ns
    Total Input Jitter      (TIJ):    0.000ns
    Discrete Jitter          (DJ):    0.000ns
    Phase Error              (PE):    0.000ns

    Location             Delay type                Incr(ns)  Path(ns)    Netlist Resource(s)
  -------------------------------------------------------------------    -------------------
    C12                                               0.000     0.000 f  reset (IN)
                         net (fo=0)                   0.000     0.000    reset
    C12                  IBUF (Prop_ibuf_I_O)         1.507     1.507 f  reset_IBUF_inst/O
                         net (fo=7, routed)           3.685     5.192    uart_rx_inst/uart_rx_blk/reset_IBUF
    SLICE_X84Y138        LUT1 (Prop_lut1_I0_O)        0.124     5.316 r  uart_rx_inst/uart_rx_blk/FSM_sequential_state[2]_i_1/O
                         net (fo=33, routed)          0.973     6.289    reset_n
    SLICE_X86Y137        FDRE                                         r  tx_data_reg[1]/R
  -------------------------------------------------------------------    -------------------

                         (clock sys_clk_pin rise edge)
                                                      0.000     0.000 r  
    E3                                                0.000     0.000 r  clk (IN)
                         net (fo=0)                   0.000     0.000    clk
    E3                   IBUF (Prop_ibuf_I_O)         1.411     1.411 r  clk_IBUF_inst/O
                         net (fo=1, routed)           1.920     3.331    clk_IBUF
    BUFGCTRL_X0Y16       BUFG (Prop_bufg_I_O)         0.091     3.422 r  clk_IBUF_BUFG_inst/O
                         net (fo=81, routed)          1.592     5.014    clk_IBUF_BUFG
    SLICE_X86Y137        FDRE                                         r  tx_data_reg[1]/C

Slack:                    inf
  Source:                 reset
                            (input port)
  Destination:            tx_data_reg[2]/R
                            (rising edge-triggered cell FDRE clocked by sys_clk_pin  {rise@0.000ns fall@5.000ns period=10.000ns})
  Path Group:             (none)
  Path Type:              Setup (Max at Slow Process Corner)
  Data Path Delay:        6.289ns  (logic 1.631ns (25.934%)  route 4.658ns (74.066%))
  Logic Levels:           2  (IBUF=1 LUT1=1)
  Clock Path Skew:        5.014ns (DCD - SCD + CPR)
    Destination Clock Delay (DCD):    5.014ns
    Source Clock Delay      (SCD):    0.000ns
    Clock Pessimism Removal (CPR):    0.000ns
  Clock Uncertainty:      0.025ns  ((TSJ^2 + TIJ^2)^1/2 + DJ) / 2 + PE
    Total System Jitter     (TSJ):    0.050ns
    Total Input Jitter      (TIJ):    0.000ns
    Discrete Jitter          (DJ):    0.000ns
    Phase Error              (PE):    0.000ns

    Location             Delay type                Incr(ns)  Path(ns)    Netlist Resource(s)
  -------------------------------------------------------------------    -------------------
    C12                                               0.000     0.000 f  reset (IN)
                         net (fo=0)                   0.000     0.000    reset
    C12                  IBUF (Prop_ibuf_I_O)         1.507     1.507 f  reset_IBUF_inst/O
                         net (fo=7, routed)           3.685     5.192    uart_rx_inst/uart_rx_blk/reset_IBUF
    SLICE_X84Y138        LUT1 (Prop_lut1_I0_O)        0.124     5.316 r  uart_rx_inst/uart_rx_blk/FSM_sequential_state[2]_i_1/O
                         net (fo=33, routed)          0.973     6.289    reset_n
    SLICE_X86Y137        FDRE                                         r  tx_data_reg[2]/R
  -------------------------------------------------------------------    -------------------

                         (clock sys_clk_pin rise edge)
                                                      0.000     0.000 r  
    E3                                                0.000     0.000 r  clk (IN)
                         net (fo=0)                   0.000     0.000    clk
    E3                   IBUF (Prop_ibuf_I_O)         1.411     1.411 r  clk_IBUF_inst/O
                         net (fo=1, routed)           1.920     3.331    clk_IBUF
    BUFGCTRL_X0Y16       BUFG (Prop_bufg_I_O)         0.091     3.422 r  clk_IBUF_BUFG_inst/O
                         net (fo=81, routed)          1.592     5.014    clk_IBUF_BUFG
    SLICE_X86Y137        FDRE                                         r  tx_data_reg[2]/C

Slack:                    inf
  Source:                 reset
                            (input port)
  Destination:            tx_data_reg[3]/R
                            (rising edge-triggered cell FDRE clocked by sys_clk_pin  {rise@0.000ns fall@5.000ns period=10.000ns})
  Path Group:             (none)
  Path Type:              Setup (Max at Slow Process Corner)
  Data Path Delay:        6.289ns  (logic 1.631ns (25.934%)  route 4.658ns (74.066%))
  Logic Levels:           2  (IBUF=1 LUT1=1)
  Clock Path Skew:        5.014ns (DCD - SCD + CPR)
    Destination Clock Delay (DCD):    5.014ns
    Source Clock Delay      (SCD):    0.000ns
    Clock Pessimism Removal (CPR):    0.000ns
  Clock Uncertainty:      0.025ns  ((TSJ^2 + TIJ^2)^1/2 + DJ) / 2 + PE
    Total System Jitter     (TSJ):    0.050ns
    Total Input Jitter      (TIJ):    0.000ns
    Discrete Jitter          (DJ):    0.000ns
    Phase Error              (PE):    0.000ns

    Location             Delay type                Incr(ns)  Path(ns)    Netlist Resource(s)
  -------------------------------------------------------------------    -------------------
    C12                                               0.000     0.000 f  reset (IN)
                         net (fo=0)                   0.000     0.000    reset
    C12                  IBUF (Prop_ibuf_I_O)         1.507     1.507 f  reset_IBUF_inst/O
                         net (fo=7, routed)           3.685     5.192    uart_rx_inst/uart_rx_blk/reset_IBUF
    SLICE_X84Y138        LUT1 (Prop_lut1_I0_O)        0.124     5.316 r  uart_rx_inst/uart_rx_blk/FSM_sequential_state[2]_i_1/O
                         net (fo=33, routed)          0.973     6.289    reset_n
    SLICE_X86Y137        FDRE                                         r  tx_data_reg[3]/R
  -------------------------------------------------------------------    -------------------

                         (clock sys_clk_pin rise edge)
                                                      0.000     0.000 r  
    E3                                                0.000     0.000 r  clk (IN)
                         net (fo=0)                   0.000     0.000    clk
    E3                   IBUF (Prop_ibuf_I_O)         1.411     1.411 r  clk_IBUF_inst/O
                         net (fo=1, routed)           1.920     3.331    clk_IBUF
    BUFGCTRL_X0Y16       BUFG (Prop_bufg_I_O)         0.091     3.422 r  clk_IBUF_BUFG_inst/O
                         net (fo=81, routed)          1.592     5.014    clk_IBUF_BUFG
    SLICE_X86Y137        FDRE                                         r  tx_data_reg[3]/C

Slack:                    inf
  Source:                 reset
                            (input port)
  Destination:            tx_data_reg[4]/R
                            (rising edge-triggered cell FDRE clocked by sys_clk_pin  {rise@0.000ns fall@5.000ns period=10.000ns})
  Path Group:             (none)
  Path Type:              Setup (Max at Slow Process Corner)
  Data Path Delay:        6.289ns  (logic 1.631ns (25.934%)  route 4.658ns (74.066%))
  Logic Levels:           2  (IBUF=1 LUT1=1)
  Clock Path Skew:        5.014ns (DCD - SCD + CPR)
    Destination Clock Delay (DCD):    5.014ns
    Source Clock Delay      (SCD):    0.000ns
    Clock Pessimism Removal (CPR):    0.000ns
  Clock Uncertainty:      0.025ns  ((TSJ^2 + TIJ^2)^1/2 + DJ) / 2 + PE
    Total System Jitter     (TSJ):    0.050ns
    Total Input Jitter      (TIJ):    0.000ns
    Discrete Jitter          (DJ):    0.000ns
    Phase Error              (PE):    0.000ns

    Location             Delay type                Incr(ns)  Path(ns)    Netlist Resource(s)
  -------------------------------------------------------------------    -------------------
    C12                                               0.000     0.000 f  reset (IN)
                         net (fo=0)                   0.000     0.000    reset
    C12                  IBUF (Prop_ibuf_I_O)         1.507     1.507 f  reset_IBUF_inst/O
                         net (fo=7, routed)           3.685     5.192    uart_rx_inst/uart_rx_blk/reset_IBUF
    SLICE_X84Y138        LUT1 (Prop_lut1_I0_O)        0.124     5.316 r  uart_rx_inst/uart_rx_blk/FSM_sequential_state[2]_i_1/O
                         net (fo=33, routed)          0.973     6.289    reset_n
    SLICE_X86Y137        FDRE                                         r  tx_data_reg[4]/R
  -------------------------------------------------------------------    -------------------

                         (clock sys_clk_pin rise edge)
                                                      0.000     0.000 r  
    E3                                                0.000     0.000 r  clk (IN)
                         net (fo=0)                   0.000     0.000    clk
    E3                   IBUF (Prop_ibuf_I_O)         1.411     1.411 r  clk_IBUF_inst/O
                         net (fo=1, routed)           1.920     3.331    clk_IBUF
    BUFGCTRL_X0Y16       BUFG (Prop_bufg_I_O)         0.091     3.422 r  clk_IBUF_BUFG_inst/O
                         net (fo=81, routed)          1.592     5.014    clk_IBUF_BUFG
    SLICE_X86Y137        FDRE                                         r  tx_data_reg[4]/C

Slack:                    inf
  Source:                 reset
                            (input port)
  Destination:            tx_data_reg[5]/R
                            (rising edge-triggered cell FDRE clocked by sys_clk_pin  {rise@0.000ns fall@5.000ns period=10.000ns})
  Path Group:             (none)
  Path Type:              Setup (Max at Slow Process Corner)
  Data Path Delay:        6.289ns  (logic 1.631ns (25.934%)  route 4.658ns (74.066%))
  Logic Levels:           2  (IBUF=1 LUT1=1)
  Clock Path Skew:        5.014ns (DCD - SCD + CPR)
    Destination Clock Delay (DCD):    5.014ns
    Source Clock Delay      (SCD):    0.000ns
    Clock Pessimism Removal (CPR):    0.000ns
  Clock Uncertainty:      0.025ns  ((TSJ^2 + TIJ^2)^1/2 + DJ) / 2 + PE
    Total System Jitter     (TSJ):    0.050ns
    Total Input Jitter      (TIJ):    0.000ns
    Discrete Jitter          (DJ):    0.000ns
    Phase Error              (PE):    0.000ns

    Location             Delay type                Incr(ns)  Path(ns)    Netlist Resource(s)
  -------------------------------------------------------------------    -------------------
    C12                                               0.000     0.000 f  reset (IN)
                         net (fo=0)                   0.000     0.000    reset
    C12                  IBUF (Prop_ibuf_I_O)         1.507     1.507 f  reset_IBUF_inst/O
                         net (fo=7, routed)           3.685     5.192    uart_rx_inst/uart_rx_blk/reset_IBUF
    SLICE_X84Y138        LUT1 (Prop_lut1_I0_O)        0.124     5.316 r  uart_rx_inst/uart_rx_blk/FSM_sequential_state[2]_i_1/O
                         net (fo=33, routed)          0.973     6.289    reset_n
    SLICE_X86Y137        FDRE                                         r  tx_data_reg[5]/R
  -------------------------------------------------------------------    -------------------

                         (clock sys_clk_pin rise edge)
                                                      0.000     0.000 r  
    E3                                                0.000     0.000 r  clk (IN)
                         net (fo=0)                   0.000     0.000    clk
    E3                   IBUF (Prop_ibuf_I_O)         1.411     1.411 r  clk_IBUF_inst/O
                         net (fo=1, routed)           1.920     3.331    clk_IBUF
    BUFGCTRL_X0Y16       BUFG (Prop_bufg_I_O)         0.091     3.422 r  clk_IBUF_BUFG_inst/O
                         net (fo=81, routed)          1.592     5.014    clk_IBUF_BUFG
    SLICE_X86Y137        FDRE                                         r  tx_data_reg[5]/C

Slack:                    inf
  Source:                 reset
                            (input port)
  Destination:            tx_data_reg[6]/R
                            (rising edge-triggered cell FDRE clocked by sys_clk_pin  {rise@0.000ns fall@5.000ns period=10.000ns})
  Path Group:             (none)
  Path Type:              Setup (Max at Slow Process Corner)
  Data Path Delay:        6.289ns  (logic 1.631ns (25.934%)  route 4.658ns (74.066%))
  Logic Levels:           2  (IBUF=1 LUT1=1)
  Clock Path Skew:        5.014ns (DCD - SCD + CPR)
    Destination Clock Delay (DCD):    5.014ns
    Source Clock Delay      (SCD):    0.000ns
    Clock Pessimism Removal (CPR):    0.000ns
  Clock Uncertainty:      0.025ns  ((TSJ^2 + TIJ^2)^1/2 + DJ) / 2 + PE
    Total System Jitter     (TSJ):    0.050ns
    Total Input Jitter      (TIJ):    0.000ns
    Discrete Jitter          (DJ):    0.000ns
    Phase Error              (PE):    0.000ns

    Location             Delay type                Incr(ns)  Path(ns)    Netlist Resource(s)
  -------------------------------------------------------------------    -------------------
    C12                                               0.000     0.000 f  reset (IN)
                         net (fo=0)                   0.000     0.000    reset
    C12                  IBUF (Prop_ibuf_I_O)         1.507     1.507 f  reset_IBUF_inst/O
                         net (fo=7, routed)           3.685     5.192    uart_rx_inst/uart_rx_blk/reset_IBUF
    SLICE_X84Y138        LUT1 (Prop_lut1_I0_O)        0.124     5.316 r  uart_rx_inst/uart_rx_blk/FSM_sequential_state[2]_i_1/O
                         net (fo=33, routed)          0.973     6.289    reset_n
    SLICE_X86Y137        FDRE                                         r  tx_data_reg[6]/R
  -------------------------------------------------------------------    -------------------

                         (clock sys_clk_pin rise edge)
                                                      0.000     0.000 r  
    E3                                                0.000     0.000 r  clk (IN)
                         net (fo=0)                   0.000     0.000    clk
    E3                   IBUF (Prop_ibuf_I_O)         1.411     1.411 r  clk_IBUF_inst/O
                         net (fo=1, routed)           1.920     3.331    clk_IBUF
    BUFGCTRL_X0Y16       BUFG (Prop_bufg_I_O)         0.091     3.422 r  clk_IBUF_BUFG_inst/O
                         net (fo=81, routed)          1.592     5.014    clk_IBUF_BUFG
    SLICE_X86Y137        FDRE                                         r  tx_data_reg[6]/C





Min Delay Paths
--------------------------------------------------------------------------------------
Slack:                    inf
  Source:                 rx
                            (input port)
  Destination:            uart_rx_inst/uart_rx_blk/rx_sync_inst/in_sync_sr_reg[1]/D
                            (rising edge-triggered cell FDRE clocked by sys_clk_pin  {rise@0.000ns fall@5.000ns period=10.000ns})
  Path Group:             (none)
  Path Type:              Hold (Min at Fast Process Corner)
  Data Path Delay:        0.675ns  (logic 0.257ns (38.166%)  route 0.417ns (61.834%))
  Logic Levels:           1  (IBUF=1)
  Clock Path Skew:        2.035ns (DCD - SCD - CPR)
    Destination Clock Delay (DCD):    2.035ns
    Source Clock Delay      (SCD):    0.000ns
    Clock Pessimism Removal (CPR):    -0.000ns

    Location             Delay type                Incr(ns)  Path(ns)    Netlist Resource(s)
  -------------------------------------------------------------------    -------------------
    C4                                                0.000     0.000 r  rx (IN)
                         net (fo=0)                   0.000     0.000    rx
    C4                   IBUF (Prop_ibuf_I_O)         0.257     0.257 r  rx_IBUF_inst/O
                         net (fo=1, routed)           0.417     0.675    uart_rx_inst/uart_rx_blk/rx_sync_inst/D[0]
    SLICE_X85Y138        FDRE                                         r  uart_rx_inst/uart_rx_blk/rx_sync_inst/in_sync_sr_reg[1]/D
  -------------------------------------------------------------------    -------------------

                         (clock sys_clk_pin rise edge)
                                                      0.000     0.000 r  
    E3                                                0.000     0.000 r  clk (IN)
                         net (fo=0)                   0.000     0.000    clk
    E3                   IBUF (Prop_ibuf_I_O)         0.438     0.438 r  clk_IBUF_inst/O
                         net (fo=1, routed)           0.699     1.136    clk_IBUF
    BUFGCTRL_X0Y16       BUFG (Prop_bufg_I_O)         0.029     1.165 r  clk_IBUF_BUFG_inst/O
                         net (fo=81, routed)          0.870     2.035    uart_rx_inst/uart_rx_blk/rx_sync_inst/CLK
    SLICE_X85Y138        FDRE                                         r  uart_rx_inst/uart_rx_blk/rx_sync_inst/in_sync_sr_reg[1]/C

Slack:                    inf
  Source:                 reset
                            (input port)
  Destination:            uart_rx_inst/uart_rx_blk/spacing_counter_reg[2]/D
                            (rising edge-triggered cell FDRE clocked by sys_clk_pin  {rise@0.000ns fall@5.000ns period=10.000ns})
  Path Group:             (none)
  Path Type:              Hold (Min at Fast Process Corner)
  Data Path Delay:        2.080ns  (logic 0.320ns (15.365%)  route 1.760ns (84.635%))
  Logic Levels:           2  (IBUF=1 LUT6=1)
  Clock Path Skew:        2.036ns (DCD - SCD - CPR)
    Destination Clock Delay (DCD):    2.036ns
    Source Clock Delay      (SCD):    0.000ns
    Clock Pessimism Removal (CPR):    -0.000ns

    Location             Delay type                Incr(ns)  Path(ns)    Netlist Resource(s)
  -------------------------------------------------------------------    -------------------
    C12                                               0.000     0.000 r  reset (IN)
                         net (fo=0)                   0.000     0.000    reset
    C12                  IBUF (Prop_ibuf_I_O)         0.275     0.275 r  reset_IBUF_inst/O
                         net (fo=7, routed)           1.760     2.035    uart_rx_inst/uart_rx_blk/reset_IBUF
    SLICE_X86Y139        LUT6 (Prop_lut6_I5_O)        0.045     2.080 r  uart_rx_inst/uart_rx_blk/spacing_counter[2]_i_1/O
                         net (fo=1, routed)           0.000     2.080    uart_rx_inst/uart_rx_blk/spacing_counter[2]_i_1_n_0
    SLICE_X86Y139        FDRE                                         r  uart_rx_inst/uart_rx_blk/spacing_counter_reg[2]/D
  -------------------------------------------------------------------    -------------------

                         (clock sys_clk_pin rise edge)
                                                      0.000     0.000 r  
    E3                                                0.000     0.000 r  clk (IN)
                         net (fo=0)                   0.000     0.000    clk
    E3                   IBUF (Prop_ibuf_I_O)         0.438     0.438 r  clk_IBUF_inst/O
                         net (fo=1, routed)           0.699     1.136    clk_IBUF
    BUFGCTRL_X0Y16       BUFG (Prop_bufg_I_O)         0.029     1.165 r  clk_IBUF_BUFG_inst/O
                         net (fo=81, routed)          0.871     2.036    uart_rx_inst/uart_rx_blk/CLK
    SLICE_X86Y139        FDRE                                         r  uart_rx_inst/uart_rx_blk/spacing_counter_reg[2]/C

Slack:                    inf
  Source:                 reset
                            (input port)
  Destination:            uart_rx_inst/uart_rx_blk/spacing_counter_reg[0]/D
                            (rising edge-triggered cell FDRE clocked by sys_clk_pin  {rise@0.000ns fall@5.000ns period=10.000ns})
  Path Group:             (none)
  Path Type:              Hold (Min at Fast Process Corner)
  Data Path Delay:        2.081ns  (logic 0.320ns (15.358%)  route 1.761ns (84.642%))
  Logic Levels:           2  (IBUF=1 LUT6=1)
  Clock Path Skew:        2.036ns (DCD - SCD - CPR)
    Destination Clock Delay (DCD):    2.036ns
    Source Clock Delay      (SCD):    0.000ns
    Clock Pessimism Removal (CPR):    -0.000ns

    Location             Delay type                Incr(ns)  Path(ns)    Netlist Resource(s)
  -------------------------------------------------------------------    -------------------
    C12                                               0.000     0.000 r  reset (IN)
                         net (fo=0)                   0.000     0.000    reset
    C12                  IBUF (Prop_ibuf_I_O)         0.275     0.275 r  reset_IBUF_inst/O
                         net (fo=7, routed)           1.761     2.036    uart_rx_inst/uart_rx_blk/reset_IBUF
    SLICE_X86Y139        LUT6 (Prop_lut6_I5_O)        0.045     2.081 r  uart_rx_inst/uart_rx_blk/spacing_counter[0]_i_1/O
                         net (fo=1, routed)           0.000     2.081    uart_rx_inst/uart_rx_blk/spacing_counter[0]_i_1_n_0
    SLICE_X86Y139        FDRE                                         r  uart_rx_inst/uart_rx_blk/spacing_counter_reg[0]/D
  -------------------------------------------------------------------    -------------------

                         (clock sys_clk_pin rise edge)
                                                      0.000     0.000 r  
    E3                                                0.000     0.000 r  clk (IN)
                         net (fo=0)                   0.000     0.000    clk
    E3                   IBUF (Prop_ibuf_I_O)         0.438     0.438 r  clk_IBUF_inst/O
                         net (fo=1, routed)           0.699     1.136    clk_IBUF
    BUFGCTRL_X0Y16       BUFG (Prop_bufg_I_O)         0.029     1.165 r  clk_IBUF_BUFG_inst/O
                         net (fo=81, routed)          0.871     2.036    uart_rx_inst/uart_rx_blk/CLK
    SLICE_X86Y139        FDRE                                         r  uart_rx_inst/uart_rx_blk/spacing_counter_reg[0]/C

Slack:                    inf
  Source:                 reset
                            (input port)
  Destination:            tx_start_reg/D
                            (rising edge-triggered cell FDRE clocked by sys_clk_pin  {rise@0.000ns fall@5.000ns period=10.000ns})
  Path Group:             (none)
  Path Type:              Hold (Min at Fast Process Corner)
  Data Path Delay:        2.090ns  (logic 0.320ns (15.290%)  route 1.771ns (84.710%))
  Logic Levels:           2  (IBUF=1 LUT4=1)
  Clock Path Skew:        2.036ns (DCD - SCD - CPR)
    Destination Clock Delay (DCD):    2.036ns
    Source Clock Delay      (SCD):    0.000ns
    Clock Pessimism Removal (CPR):    -0.000ns

    Location             Delay type                Incr(ns)  Path(ns)    Netlist Resource(s)
  -------------------------------------------------------------------    -------------------
    C12                                               0.000     0.000 r  reset (IN)
                         net (fo=0)                   0.000     0.000    reset
    C12                  IBUF (Prop_ibuf_I_O)         0.275     0.275 r  reset_IBUF_inst/O
                         net (fo=7, routed)           1.771     2.045    uart_tx_inst/uart_tx_blk/reset_IBUF
    SLICE_X88Y138        LUT4 (Prop_lut4_I3_O)        0.045     2.090 r  uart_tx_inst/uart_tx_blk/tx_start_i_1/O
                         net (fo=1, routed)           0.000     2.090    uart_tx_inst_n_0
    SLICE_X88Y138        FDRE                                         r  tx_start_reg/D
  -------------------------------------------------------------------    -------------------

                         (clock sys_clk_pin rise edge)
                                                      0.000     0.000 r  
    E3                                                0.000     0.000 r  clk (IN)
                         net (fo=0)                   0.000     0.000    clk
    E3                   IBUF (Prop_ibuf_I_O)         0.438     0.438 r  clk_IBUF_inst/O
                         net (fo=1, routed)           0.699     1.136    clk_IBUF
    BUFGCTRL_X0Y16       BUFG (Prop_bufg_I_O)         0.029     1.165 r  clk_IBUF_BUFG_inst/O
                         net (fo=81, routed)          0.871     2.036    clk_IBUF_BUFG
    SLICE_X88Y138        FDRE                                         r  tx_start_reg/C

Slack:                    inf
  Source:                 reset
                            (input port)
  Destination:            uart_tx_inst/uart_tx_blk/FSM_sequential_state_reg[1]/D
                            (rising edge-triggered cell FDRE clocked by sys_clk_pin  {rise@0.000ns fall@5.000ns period=10.000ns})
  Path Group:             (none)
  Path Type:              Hold (Min at Fast Process Corner)
  Data Path Delay:        2.173ns  (logic 0.319ns (14.660%)  route 1.855ns (85.340%))
  Logic Levels:           2  (IBUF=1 LUT4=1)
  Clock Path Skew:        2.036ns (DCD - SCD - CPR)
    Destination Clock Delay (DCD):    2.036ns
    Source Clock Delay      (SCD):    0.000ns
    Clock Pessimism Removal (CPR):    -0.000ns

    Location             Delay type                Incr(ns)  Path(ns)    Netlist Resource(s)
  -------------------------------------------------------------------    -------------------
    C12                                               0.000     0.000 r  reset (IN)
                         net (fo=0)                   0.000     0.000    reset
    C12                  IBUF (Prop_ibuf_I_O)         0.275     0.275 r  reset_IBUF_inst/O
                         net (fo=7, routed)           1.855     2.129    uart_tx_inst/uart_tx_blk/reset_IBUF
    SLICE_X88Y138        LUT4 (Prop_lut4_I3_O)        0.044     2.173 r  uart_tx_inst/uart_tx_blk/FSM_sequential_state[1]_i_1__0/O
                         net (fo=1, routed)           0.000     2.173    uart_tx_inst/uart_tx_blk/FSM_sequential_state[1]_i_1__0_n_0
    SLICE_X88Y138        FDRE                                         r  uart_tx_inst/uart_tx_blk/FSM_sequential_state_reg[1]/D
  -------------------------------------------------------------------    -------------------

                         (clock sys_clk_pin rise edge)
                                                      0.000     0.000 r  
    E3                                                0.000     0.000 r  clk (IN)
                         net (fo=0)                   0.000     0.000    clk
    E3                   IBUF (Prop_ibuf_I_O)         0.438     0.438 r  clk_IBUF_inst/O
                         net (fo=1, routed)           0.699     1.136    clk_IBUF
    BUFGCTRL_X0Y16       BUFG (Prop_bufg_I_O)         0.029     1.165 r  clk_IBUF_BUFG_inst/O
                         net (fo=81, routed)          0.871     2.036    uart_tx_inst/uart_tx_blk/CLK
    SLICE_X88Y138        FDRE                                         r  uart_tx_inst/uart_tx_blk/FSM_sequential_state_reg[1]/C

Slack:                    inf
  Source:                 reset
                            (input port)
  Destination:            uart_tx_inst/uart_tx_blk/FSM_sequential_state_reg[0]/D
                            (rising edge-triggered cell FDRE clocked by sys_clk_pin  {rise@0.000ns fall@5.000ns period=10.000ns})
  Path Group:             (none)
  Path Type:              Hold (Min at Fast Process Corner)
  Data Path Delay:        2.174ns  (logic 0.320ns (14.699%)  route 1.855ns (85.301%))
  Logic Levels:           2  (IBUF=1 LUT5=1)
  Clock Path Skew:        2.036ns (DCD - SCD - CPR)
    Destination Clock Delay (DCD):    2.036ns
    Source Clock Delay      (SCD):    0.000ns
    Clock Pessimism Removal (CPR):    -0.000ns

    Location             Delay type                Incr(ns)  Path(ns)    Netlist Resource(s)
  -------------------------------------------------------------------    -------------------
    C12                                               0.000     0.000 r  reset (IN)
                         net (fo=0)                   0.000     0.000    reset
    C12                  IBUF (Prop_ibuf_I_O)         0.275     0.275 r  reset_IBUF_inst/O
                         net (fo=7, routed)           1.855     2.129    uart_tx_inst/uart_tx_blk/reset_IBUF
    SLICE_X88Y138        LUT5 (Prop_lut5_I4_O)        0.045     2.174 r  uart_tx_inst/uart_tx_blk/FSM_sequential_state[0]_i_1__0/O
                         net (fo=1, routed)           0.000     2.174    uart_tx_inst/uart_tx_blk/FSM_sequential_state[0]_i_1__0_n_0
    SLICE_X88Y138        FDRE                                         r  uart_tx_inst/uart_tx_blk/FSM_sequential_state_reg[0]/D
  -------------------------------------------------------------------    -------------------

                         (clock sys_clk_pin rise edge)
                                                      0.000     0.000 r  
    E3                                                0.000     0.000 r  clk (IN)
                         net (fo=0)                   0.000     0.000    clk
    E3                   IBUF (Prop_ibuf_I_O)         0.438     0.438 r  clk_IBUF_inst/O
                         net (fo=1, routed)           0.699     1.136    clk_IBUF
    BUFGCTRL_X0Y16       BUFG (Prop_bufg_I_O)         0.029     1.165 r  clk_IBUF_BUFG_inst/O
                         net (fo=81, routed)          0.871     2.036    uart_tx_inst/uart_tx_blk/CLK
    SLICE_X88Y138        FDRE                                         r  uart_tx_inst/uart_tx_blk/FSM_sequential_state_reg[0]/C

Slack:                    inf
  Source:                 reset
                            (input port)
  Destination:            uart_rx_inst/uart_rx_blk/rx_data_reg[7]/R
                            (rising edge-triggered cell FDRE clocked by sys_clk_pin  {rise@0.000ns fall@5.000ns period=10.000ns})
  Path Group:             (none)
  Path Type:              Hold (Min at Fast Process Corner)
  Data Path Delay:        2.180ns  (logic 0.320ns (14.660%)  route 1.860ns (85.340%))
  Logic Levels:           2  (IBUF=1 LUT1=1)
  Clock Path Skew:        2.035ns (DCD - SCD - CPR)
    Destination Clock Delay (DCD):    2.035ns
    Source Clock Delay      (SCD):    0.000ns
    Clock Pessimism Removal (CPR):    -0.000ns

    Location             Delay type                Incr(ns)  Path(ns)    Netlist Resource(s)
  -------------------------------------------------------------------    -------------------
    C12                                               0.000     0.000 f  reset (IN)
                         net (fo=0)                   0.000     0.000    reset
    C12                  IBUF (Prop_ibuf_I_O)         0.275     0.275 f  reset_IBUF_inst/O
                         net (fo=7, routed)           1.652     1.926    uart_rx_inst/uart_rx_blk/reset_IBUF
    SLICE_X84Y138        LUT1 (Prop_lut1_I0_O)        0.045     1.971 r  uart_rx_inst/uart_rx_blk/FSM_sequential_state[2]_i_1/O
                         net (fo=33, routed)          0.208     2.180    uart_rx_inst/uart_rx_blk/reset
    SLICE_X84Y138        FDRE                                         r  uart_rx_inst/uart_rx_blk/rx_data_reg[7]/R
  -------------------------------------------------------------------    -------------------

                         (clock sys_clk_pin rise edge)
                                                      0.000     0.000 r  
    E3                                                0.000     0.000 r  clk (IN)
                         net (fo=0)                   0.000     0.000    clk
    E3                   IBUF (Prop_ibuf_I_O)         0.438     0.438 r  clk_IBUF_inst/O
                         net (fo=1, routed)           0.699     1.136    clk_IBUF
    BUFGCTRL_X0Y16       BUFG (Prop_bufg_I_O)         0.029     1.165 r  clk_IBUF_BUFG_inst/O
                         net (fo=81, routed)          0.870     2.035    uart_rx_inst/uart_rx_blk/CLK
    SLICE_X84Y138        FDRE                                         r  uart_rx_inst/uart_rx_blk/rx_data_reg[7]/C

Slack:                    inf
  Source:                 reset
                            (input port)
  Destination:            uart_rx_inst/uart_rx_blk/spacing_counter_reg[1]/D
                            (rising edge-triggered cell FDRE clocked by sys_clk_pin  {rise@0.000ns fall@5.000ns period=10.000ns})
  Path Group:             (none)
  Path Type:              Hold (Min at Fast Process Corner)
  Data Path Delay:        2.209ns  (logic 0.320ns (14.468%)  route 1.889ns (85.532%))
  Logic Levels:           2  (IBUF=1 LUT5=1)
  Clock Path Skew:        2.036ns (DCD - SCD - CPR)
    Destination Clock Delay (DCD):    2.036ns
    Source Clock Delay      (SCD):    0.000ns
    Clock Pessimism Removal (CPR):    -0.000ns

    Location             Delay type                Incr(ns)  Path(ns)    Netlist Resource(s)
  -------------------------------------------------------------------    -------------------
    C12                                               0.000     0.000 r  reset (IN)
                         net (fo=0)                   0.000     0.000    reset
    C12                  IBUF (Prop_ibuf_I_O)         0.275     0.275 r  reset_IBUF_inst/O
                         net (fo=7, routed)           1.889     2.164    uart_rx_inst/uart_rx_blk/reset_IBUF
    SLICE_X86Y139        LUT5 (Prop_lut5_I4_O)        0.045     2.209 r  uart_rx_inst/uart_rx_blk/spacing_counter[1]_i_1/O
                         net (fo=1, routed)           0.000     2.209    uart_rx_inst/uart_rx_blk/spacing_counter[1]_i_1_n_0
    SLICE_X86Y139        FDRE                                         r  uart_rx_inst/uart_rx_blk/spacing_counter_reg[1]/D
  -------------------------------------------------------------------    -------------------

                         (clock sys_clk_pin rise edge)
                                                      0.000     0.000 r  
    E3                                                0.000     0.000 r  clk (IN)
                         net (fo=0)                   0.000     0.000    clk
    E3                   IBUF (Prop_ibuf_I_O)         0.438     0.438 r  clk_IBUF_inst/O
                         net (fo=1, routed)           0.699     1.136    clk_IBUF
    BUFGCTRL_X0Y16       BUFG (Prop_bufg_I_O)         0.029     1.165 r  clk_IBUF_BUFG_inst/O
                         net (fo=81, routed)          0.871     2.036    uart_rx_inst/uart_rx_blk/CLK
    SLICE_X86Y139        FDRE                                         r  uart_rx_inst/uart_rx_blk/spacing_counter_reg[1]/C

Slack:                    inf
  Source:                 reset
                            (input port)
  Destination:            uart_rx_inst/uart_rx_blk/rx_data_reg[0]/R
                            (rising edge-triggered cell FDRE clocked by sys_clk_pin  {rise@0.000ns fall@5.000ns period=10.000ns})
  Path Group:             (none)
  Path Type:              Hold (Min at Fast Process Corner)
  Data Path Delay:        2.220ns  (logic 0.320ns (14.394%)  route 1.901ns (85.606%))
  Logic Levels:           2  (IBUF=1 LUT1=1)
  Clock Path Skew:        2.033ns (DCD - SCD - CPR)
    Destination Clock Delay (DCD):    2.033ns
    Source Clock Delay      (SCD):    0.000ns
    Clock Pessimism Removal (CPR):    -0.000ns

    Location             Delay type                Incr(ns)  Path(ns)    Netlist Resource(s)
  -------------------------------------------------------------------    -------------------
    C12                                               0.000     0.000 f  reset (IN)
                         net (fo=0)                   0.000     0.000    reset
    C12                  IBUF (Prop_ibuf_I_O)         0.275     0.275 f  reset_IBUF_inst/O
                         net (fo=7, routed)           1.652     1.926    uart_rx_inst/uart_rx_blk/reset_IBUF
    SLICE_X84Y138        LUT1 (Prop_lut1_I0_O)        0.045     1.971 r  uart_rx_inst/uart_rx_blk/FSM_sequential_state[2]_i_1/O
                         net (fo=33, routed)          0.249     2.220    uart_rx_inst/uart_rx_blk/reset
    SLICE_X84Y137        FDRE                                         r  uart_rx_inst/uart_rx_blk/rx_data_reg[0]/R
  -------------------------------------------------------------------    -------------------

                         (clock sys_clk_pin rise edge)
                                                      0.000     0.000 r  
    E3                                                0.000     0.000 r  clk (IN)
                         net (fo=0)                   0.000     0.000    clk
    E3                   IBUF (Prop_ibuf_I_O)         0.438     0.438 r  clk_IBUF_inst/O
                         net (fo=1, routed)           0.699     1.136    clk_IBUF
    BUFGCTRL_X0Y16       BUFG (Prop_bufg_I_O)         0.029     1.165 r  clk_IBUF_BUFG_inst/O
                         net (fo=81, routed)          0.868     2.033    uart_rx_inst/uart_rx_blk/CLK
    SLICE_X84Y137        FDRE                                         r  uart_rx_inst/uart_rx_blk/rx_data_reg[0]/C

Slack:                    inf
  Source:                 reset
                            (input port)
  Destination:            uart_rx_inst/uart_rx_blk/rx_data_reg[1]/R
                            (rising edge-triggered cell FDRE clocked by sys_clk_pin  {rise@0.000ns fall@5.000ns period=10.000ns})
  Path Group:             (none)
  Path Type:              Hold (Min at Fast Process Corner)
  Data Path Delay:        2.220ns  (logic 0.320ns (14.394%)  route 1.901ns (85.606%))
  Logic Levels:           2  (IBUF=1 LUT1=1)
  Clock Path Skew:        2.033ns (DCD - SCD - CPR)
    Destination Clock Delay (DCD):    2.033ns
    Source Clock Delay      (SCD):    0.000ns
    Clock Pessimism Removal (CPR):    -0.000ns

    Location             Delay type                Incr(ns)  Path(ns)    Netlist Resource(s)
  -------------------------------------------------------------------    -------------------
    C12                                               0.000     0.000 f  reset (IN)
                         net (fo=0)                   0.000     0.000    reset
    C12                  IBUF (Prop_ibuf_I_O)         0.275     0.275 f  reset_IBUF_inst/O
                         net (fo=7, routed)           1.652     1.926    uart_rx_inst/uart_rx_blk/reset_IBUF
    SLICE_X84Y138        LUT1 (Prop_lut1_I0_O)        0.045     1.971 r  uart_rx_inst/uart_rx_blk/FSM_sequential_state[2]_i_1/O
                         net (fo=33, routed)          0.249     2.220    uart_rx_inst/uart_rx_blk/reset
    SLICE_X84Y137        FDRE                                         r  uart_rx_inst/uart_rx_blk/rx_data_reg[1]/R
  -------------------------------------------------------------------    -------------------

                         (clock sys_clk_pin rise edge)
                                                      0.000     0.000 r  
    E3                                                0.000     0.000 r  clk (IN)
                         net (fo=0)                   0.000     0.000    clk
    E3                   IBUF (Prop_ibuf_I_O)         0.438     0.438 r  clk_IBUF_inst/O
                         net (fo=1, routed)           0.699     1.136    clk_IBUF
    BUFGCTRL_X0Y16       BUFG (Prop_bufg_I_O)         0.029     1.165 r  clk_IBUF_BUFG_inst/O
                         net (fo=81, routed)          0.868     2.033    uart_rx_inst/uart_rx_blk/CLK
    SLICE_X84Y137        FDRE                                         r  uart_rx_inst/uart_rx_blk/rx_data_reg[1]/C





